file,line,type,commit,author,date,time,timezone,datetime,depth,length
style.css,1,css,d10f5019,Mena Song-Lew,2025-04-18,20:45:59,-07:00,2025-04-18T20:45:59-07:00,0,5
style.css,2,css,d10f5019,Mena Song-Lew,2025-04-18,20:45:59,-07:00,2025-04-18T20:45:59-07:00,0,19
style.css,3,css,d10f5019,Mena Song-Lew,2025-04-18,20:45:59,-07:00,2025-04-18T20:45:59-07:00,0,0
style.css,4,css,d10f5019,Mena Song-Lew,2025-04-18,20:45:59,-07:00,2025-04-18T20:45:59-07:00,0,0
style.css,5,css,d10f5019,Mena Song-Lew,2025-04-18,20:45:59,-07:00,2025-04-18T20:45:59-07:00,0,0
style.css,6,css,5aeb2404,Mena Song-Lew,2025-04-04,12:44:24,-07:00,2025-04-04T12:44:24-07:00,0,5
style.css,7,css,4cc131b3,Mena Song-Lew,2025-04-11,21:07:04,-07:00,2025-04-11T21:07:04-07:00,0,44
style.css,8,css,4cc131b3,Mena Song-Lew,2025-04-11,21:07:04,-07:00,2025-04-11T21:07:04-07:00,0,43
style.css,9,css,4cc131b3,Mena Song-Lew,2025-04-11,21:07:04,-07:00,2025-04-11T21:07:04-07:00,0,1
style.css,10,css,4cc131b3,Mena Song-Lew,2025-04-11,21:07:04,-07:00,2025-04-11T21:07:04-07:00,0,24
style.css,11,css,6ae8fcd7,Mena Song-Lew,2025-04-11,13:56:29,-07:00,2025-04-11T13:56:29-07:00,0,0
style.css,12,css,4cc131b3,Mena Song-Lew,2025-04-11,21:07:04,-07:00,2025-04-11T21:07:04-07:00,0,16
style.css,13,css,4cc131b3,Mena Song-Lew,2025-04-11,21:07:04,-07:00,2025-04-11T21:07:04-07:00,0,17
style.css,14,css,4cc131b3,Mena Song-Lew,2025-04-11,21:07:04,-07:00,2025-04-11T21:07:04-07:00,0,18
style.css,15,css,4cc131b3,Mena Song-Lew,2025-04-11,21:07:04,-07:00,2025-04-11T21:07:04-07:00,0,13
style.css,16,css,6ae8fcd7,Mena Song-Lew,2025-04-11,13:56:29,-07:00,2025-04-11T13:56:29-07:00,0,0
style.css,17,css,4cc131b3,Mena Song-Lew,2025-04-11,21:07:04,-07:00,2025-04-11T21:07:04-07:00,0,32
style.css,18,css,4cc131b3,Mena Song-Lew,2025-04-11,21:07:04,-07:00,2025-04-11T21:07:04-07:00,0,32
style.css,19,css,6ae8fcd7,Mena Song-Lew,2025-04-11,13:56:29,-07:00,2025-04-11T13:56:29-07:00,0,0
style.css,20,css,4cc131b3,Mena Song-Lew,2025-04-11,21:07:04,-07:00,2025-04-11T21:07:04-07:00,0,0
style.css,21,css,4cc131b3,Mena Song-Lew,2025-04-11,21:07:04,-07:00,2025-04-11T21:07:04-07:00,0,0
style.css,22,css,4cc131b3,Mena Song-Lew,2025-04-11,21:07:04,-07:00,2025-04-11T21:07:04-07:00,0,4
style.css,23,css,4cc131b3,Mena Song-Lew,2025-04-11,21:07:04,-07:00,2025-04-11T21:07:04-07:00,0,12
style.css,24,css,4cc131b3,Mena Song-Lew,2025-04-11,21:07:04,-07:00,2025-04-11T21:07:04-07:00,0,29
style.css,25,css,4cc131b3,Mena Song-Lew,2025-04-11,21:07:04,-07:00,2025-04-11T21:07:04-07:00,0,0
style.css,26,css,4cc131b3,Mena Song-Lew,2025-04-11,21:07:04,-07:00,2025-04-11T21:07:04-07:00,0,19
style.css,27,css,4cc131b3,Mena Song-Lew,2025-04-11,21:07:04,-07:00,2025-04-11T21:07:04-07:00,0,24
style.css,28,css,4cc131b3,Mena Song-Lew,2025-04-11,21:07:04,-07:00,2025-04-11T21:07:04-07:00,0,26
style.css,29,css,d10f5019,Mena Song-Lew,2025-04-18,20:45:59,-07:00,2025-04-18T20:45:59-07:00,0,40
style.css,30,css,d10f5019,Mena Song-Lew,2025-04-18,20:45:59,-07:00,2025-04-18T20:45:59-07:00,0,40
style.css,31,css,4cc131b3,Mena Song-Lew,2025-04-11,21:07:04,-07:00,2025-04-11T21:07:04-07:00,0,0
style.css,32,css,4cc131b3,Mena Song-Lew,2025-04-11,21:07:04,-07:00,2025-04-11T21:07:04-07:00,0,3
style.css,33,css,4cc131b3,Mena Song-Lew,2025-04-11,21:07:04,-07:00,2025-04-11T21:07:04-07:00,0,17
style.css,34,css,4cc131b3,Mena Song-Lew,2025-04-11,21:07:04,-07:00,2025-04-11T21:07:04-07:00,0,0
style.css,35,css,4cc131b3,Mena Song-Lew,2025-04-11,21:07:04,-07:00,2025-04-11T21:07:04-07:00,0,0
style.css,36,css,4cc131b3,Mena Song-Lew,2025-04-11,21:07:04,-07:00,2025-04-11T21:07:04-07:00,0,3
style.css,37,css,4cc131b3,Mena Song-Lew,2025-04-11,21:07:04,-07:00,2025-04-11T21:07:04-07:00,0,17
style.css,38,css,4cc131b3,Mena Song-Lew,2025-04-11,21:07:04,-07:00,2025-04-11T21:07:04-07:00,0,0
style.css,39,css,4cc131b3,Mena Song-Lew,2025-04-11,21:07:04,-07:00,2025-04-11T21:07:04-07:00,0,0
style.css,40,css,4cc131b3,Mena Song-Lew,2025-04-11,21:07:04,-07:00,2025-04-11T21:07:04-07:00,0,0
style.css,41,css,4cc131b3,Mena Song-Lew,2025-04-11,21:07:04,-07:00,2025-04-11T21:07:04-07:00,0,0
style.css,42,css,4cc131b3,Mena Song-Lew,2025-04-11,21:07:04,-07:00,2025-04-11T21:07:04-07:00,0,2
style.css,43,css,4cc131b3,Mena Song-Lew,2025-04-11,21:07:04,-07:00,2025-04-11T21:07:04-07:00,0,7
style.css,44,css,4cc131b3,Mena Song-Lew,2025-04-11,21:07:04,-07:00,2025-04-11T21:07:04-07:00,0,21
style.css,45,css,4cc131b3,Mena Song-Lew,2025-04-11,21:07:04,-07:00,2025-04-11T21:07:04-07:00,0,14
style.css,46,css,4cc131b3,Mena Song-Lew,2025-04-11,21:07:04,-07:00,2025-04-11T21:07:04-07:00,0,18
style.css,47,css,4cc131b3,Mena Song-Lew,2025-04-11,21:07:04,-07:00,2025-04-11T21:07:04-07:00,0,14
style.css,48,css,4cc131b3,Mena Song-Lew,2025-04-11,21:07:04,-07:00,2025-04-11T21:07:04-07:00,0,0
style.css,49,css,4cc131b3,Mena Song-Lew,2025-04-11,21:07:04,-07:00,2025-04-11T21:07:04-07:00,0,0
style.css,50,css,4cc131b3,Mena Song-Lew,2025-04-11,21:07:04,-07:00,2025-04-11T21:07:04-07:00,0,0
style.css,51,css,4cc131b3,Mena Song-Lew,2025-04-11,21:07:04,-07:00,2025-04-11T21:07:04-07:00,0,9
style.css,52,css,4cc131b3,Mena Song-Lew,2025-04-11,21:07:04,-07:00,2025-04-11T21:07:04-07:00,0,24
style.css,53,css,4cc131b3,Mena Song-Lew,2025-04-11,21:07:04,-07:00,2025-04-11T21:07:04-07:00,0,26
style.css,54,css,d10f5019,Mena Song-Lew,2025-04-18,20:45:59,-07:00,2025-04-18T20:45:59-07:00,0,40
style.css,55,css,4cc131b3,Mena Song-Lew,2025-04-11,21:07:04,-07:00,2025-04-11T21:07:04-07:00,0,19
style.css,56,css,4cc131b3,Mena Song-Lew,2025-04-11,21:07:04,-07:00,2025-04-11T21:07:04-07:00,0,0
style.css,57,css,4cc131b3,Mena Song-Lew,2025-04-11,21:07:04,-07:00,2025-04-11T21:07:04-07:00,0,0
style.css,58,css,4cc131b3,Mena Song-Lew,2025-04-11,21:07:04,-07:00,2025-04-11T21:07:04-07:00,0,0
style.css,59,css,4cc131b3,Mena Song-Lew,2025-04-11,21:07:04,-07:00,2025-04-11T21:07:04-07:00,0,8
style.css,60,css,4cc131b3,Mena Song-Lew,2025-04-11,21:07:04,-07:00,2025-04-11T21:07:04-07:00,0,24
style.css,61,css,4cc131b3,Mena Song-Lew,2025-04-11,21:07:04,-07:00,2025-04-11T21:07:04-07:00,0,26
style.css,62,css,4cc131b3,Mena Song-Lew,2025-04-11,21:07:04,-07:00,2025-04-11T21:07:04-07:00,0,40
style.css,63,css,4cc131b3,Mena Song-Lew,2025-04-11,21:07:04,-07:00,2025-04-11T21:07:04-07:00,0,19
style.css,64,css,d10f5019,Mena Song-Lew,2025-04-18,20:45:59,-07:00,2025-04-18T20:45:59-07:00,0,70
style.css,65,css,4cc131b3,Mena Song-Lew,2025-04-11,21:07:04,-07:00,2025-04-11T21:07:04-07:00,0,0
style.css,66,css,4cc131b3,Mena Song-Lew,2025-04-11,21:07:04,-07:00,2025-04-11T21:07:04-07:00,0,0
style.css,67,css,4cc131b3,Mena Song-Lew,2025-04-11,21:07:04,-07:00,2025-04-11T21:07:04-07:00,0,0
style.css,68,css,4cc131b3,Mena Song-Lew,2025-04-11,21:07:04,-07:00,2025-04-11T21:07:04-07:00,0,7
style.css,69,css,4cc131b3,Mena Song-Lew,2025-04-11,21:07:04,-07:00,2025-04-11T21:07:04-07:00,0,13
style.css,70,css,4cc131b3,Mena Song-Lew,2025-04-11,21:07:04,-07:00,2025-04-11T21:07:04-07:00,0,14
style.css,71,css,4cc131b3,Mena Song-Lew,2025-04-11,21:07:04,-07:00,2025-04-11T21:07:04-07:00,0,11
style.css,72,css,4cc131b3,Mena Song-Lew,2025-04-11,21:07:04,-07:00,2025-04-11T21:07:04-07:00,0,22
style.css,73,css,4cc131b3,Mena Song-Lew,2025-04-11,21:07:04,-07:00,2025-04-11T21:07:04-07:00,0,0
style.css,74,css,4cc131b3,Mena Song-Lew,2025-04-11,21:07:04,-07:00,2025-04-11T21:07:04-07:00,0,0
style.css,75,css,4cc131b3,Mena Song-Lew,2025-04-11,21:07:04,-07:00,2025-04-11T21:07:04-07:00,0,0
style.css,76,css,4cc131b3,Mena Song-Lew,2025-04-11,21:07:04,-07:00,2025-04-11T21:07:04-07:00,0,5
style.css,77,css,4cc131b3,Mena Song-Lew,2025-04-11,21:07:04,-07:00,2025-04-11T21:07:04-07:00,0,12
style.css,78,css,4cc131b3,Mena Song-Lew,2025-04-11,21:07:04,-07:00,2025-04-11T21:07:04-07:00,0,31
style.css,79,css,4cc131b3,Mena Song-Lew,2025-04-11,21:07:04,-07:00,2025-04-11T21:07:04-07:00,0,19
style.css,80,css,4cc131b3,Mena Song-Lew,2025-04-11,21:07:04,-07:00,2025-04-11T21:07:04-07:00,0,8
style.css,81,css,4cc131b3,Mena Song-Lew,2025-04-11,21:07:04,-07:00,2025-04-11T21:07:04-07:00,0,0
style.css,82,css,4cc131b3,Mena Song-Lew,2025-04-11,21:07:04,-07:00,2025-04-11T21:07:04-07:00,0,0
style.css,83,css,4cc131b3,Mena Song-Lew,2025-04-11,21:07:04,-07:00,2025-04-11T21:07:04-07:00,0,5
style.css,84,css,4cc131b3,Mena Song-Lew,2025-04-11,21:07:04,-07:00,2025-04-11T21:07:04-07:00,0,13
style.css,85,css,4cc131b3,Mena Song-Lew,2025-04-11,21:07:04,-07:00,2025-04-11T21:07:04-07:00,0,30
style.css,86,css,4cc131b3,Mena Song-Lew,2025-04-11,21:07:04,-07:00,2025-04-11T21:07:04-07:00,0,0
style.css,87,css,4cc131b3,Mena Song-Lew,2025-04-11,21:07:04,-07:00,2025-04-11T21:07:04-07:00,0,0
style.css,88,css,4cc131b3,Mena Song-Lew,2025-04-11,21:07:04,-07:00,2025-04-11T21:07:04-07:00,0,0
style.css,89,css,4cc131b3,Mena Song-Lew,2025-04-11,21:07:04,-07:00,2025-04-11T21:07:04-07:00,0,10
style.css,90,css,4cc131b3,Mena Song-Lew,2025-04-11,21:07:04,-07:00,2025-04-11T21:07:04-07:00,0,13
style.css,91,css,4cc131b3,Mena Song-Lew,2025-04-11,21:07:04,-07:00,2025-04-11T21:07:04-07:00,0,59
style.css,92,css,4cc131b3,Mena Song-Lew,2025-04-11,21:07:04,-07:00,2025-04-11T21:07:04-07:00,0,0
style.css,93,css,4cc131b3,Mena Song-Lew,2025-04-11,21:07:04,-07:00,2025-04-11T21:07:04-07:00,0,0
style.css,94,css,4cc131b3,Mena Song-Lew,2025-04-11,21:07:04,-07:00,2025-04-11T21:07:04-07:00,0,8
style.css,95,css,4cc131b3,Mena Song-Lew,2025-04-11,21:07:04,-07:00,2025-04-11T21:07:04-07:00,0,13
style.css,96,css,4cc131b3,Mena Song-Lew,2025-04-11,21:07:04,-07:00,2025-04-11T21:07:04-07:00,0,27
style.css,97,css,4cc131b3,Mena Song-Lew,2025-04-11,21:07:04,-07:00,2025-04-11T21:07:04-07:00,0,16
style.css,98,css,4cc131b3,Mena Song-Lew,2025-04-11,21:07:04,-07:00,2025-04-11T21:07:04-07:00,0,8
style.css,99,css,4cc131b3,Mena Song-Lew,2025-04-11,21:07:04,-07:00,2025-04-11T21:07:04-07:00,0,17
style.css,100,css,4cc131b3,Mena Song-Lew,2025-04-11,21:07:04,-07:00,2025-04-11T21:07:04-07:00,0,18
style.css,101,css,4cc131b3,Mena Song-Lew,2025-04-11,21:07:04,-07:00,2025-04-11T21:07:04-07:00,0,0
style.css,102,css,4cc131b3,Mena Song-Lew,2025-04-11,21:07:04,-07:00,2025-04-11T21:07:04-07:00,0,0
style.css,103,css,4cc131b3,Mena Song-Lew,2025-04-11,21:07:04,-07:00,2025-04-11T21:07:04-07:00,0,0
style.css,104,css,4cc131b3,Mena Song-Lew,2025-04-11,21:07:04,-07:00,2025-04-11T21:07:04-07:00,0,3
style.css,105,css,4cc131b3,Mena Song-Lew,2025-04-11,21:07:04,-07:00,2025-04-11T21:07:04-07:00,0,9
style.css,106,css,4cc131b3,Mena Song-Lew,2025-04-11,21:07:04,-07:00,2025-04-11T21:07:04-07:00,0,0
style.css,107,css,4cc131b3,Mena Song-Lew,2025-04-11,21:07:04,-07:00,2025-04-11T21:07:04-07:00,0,0
style.css,108,css,4cc131b3,Mena Song-Lew,2025-04-11,21:07:04,-07:00,2025-04-11T21:07:04-07:00,0,23
style.css,109,css,4cc131b3,Mena Song-Lew,2025-04-11,21:07:04,-07:00,2025-04-11T21:07:04-07:00,0,16
style.css,110,css,4cc131b3,Mena Song-Lew,2025-04-11,21:07:04,-07:00,2025-04-11T21:07:04-07:00,0,18
style.css,111,css,4cc131b3,Mena Song-Lew,2025-04-11,21:07:04,-07:00,2025-04-11T21:07:04-07:00,0,0
style.css,112,css,4cc131b3,Mena Song-Lew,2025-04-11,21:07:04,-07:00,2025-04-11T21:07:04-07:00,0,0
style.css,113,css,4cc131b3,Mena Song-Lew,2025-04-11,21:07:04,-07:00,2025-04-11T21:07:04-07:00,0,8
style.css,114,css,4cc131b3,Mena Song-Lew,2025-04-11,21:07:04,-07:00,2025-04-11T21:07:04-07:00,0,8
style.css,115,css,4cc131b3,Mena Song-Lew,2025-04-11,21:07:04,-07:00,2025-04-11T21:07:04-07:00,0,6
style.css,116,css,4cc131b3,Mena Song-Lew,2025-04-11,21:07:04,-07:00,2025-04-11T21:07:04-07:00,0,18
style.css,117,css,4cc131b3,Mena Song-Lew,2025-04-11,21:07:04,-07:00,2025-04-11T21:07:04-07:00,0,0
style.css,118,css,4cc131b3,Mena Song-Lew,2025-04-11,21:07:04,-07:00,2025-04-11T21:07:04-07:00,0,0
style.css,119,css,f47fcb64,Mena Song-Lew,2025-04-11,21:30:56,-07:00,2025-04-11T21:30:56-07:00,0,3
style.css,120,css,f47fcb64,Mena Song-Lew,2025-04-11,21:30:56,-07:00,2025-04-11T21:30:56-07:00,0,13
style.css,121,css,f47fcb64,Mena Song-Lew,2025-04-11,21:30:56,-07:00,2025-04-11T21:30:56-07:00,0,23
style.css,122,css,f47fcb64,Mena Song-Lew,2025-04-11,21:30:56,-07:00,2025-04-11T21:30:56-07:00,0,0
style.css,123,css,f47fcb64,Mena Song-Lew,2025-04-11,21:30:56,-07:00,2025-04-11T21:30:56-07:00,0,15
style.css,124,css,f47fcb64,Mena Song-Lew,2025-04-11,21:30:56,-07:00,2025-04-11T21:30:56-07:00,0,19
style.css,125,css,f47fcb64,Mena Song-Lew,2025-04-11,21:30:56,-07:00,2025-04-11T21:30:56-07:00,0,24
style.css,126,css,f47fcb64,Mena Song-Lew,2025-04-11,21:30:56,-07:00,2025-04-11T21:30:56-07:00,0,26
style.css,127,css,f47fcb64,Mena Song-Lew,2025-04-11,21:30:56,-07:00,2025-04-11T21:30:56-07:00,0,38
style.css,128,css,f47fcb64,Mena Song-Lew,2025-04-11,21:30:56,-07:00,2025-04-11T21:30:56-07:00,0,0
style.css,129,css,f47fcb64,Mena Song-Lew,2025-04-11,21:30:56,-07:00,2025-04-11T21:30:56-07:00,0,0
style.css,130,css,4cc131b3,Mena Song-Lew,2025-04-11,21:07:04,-07:00,2025-04-11T21:07:04-07:00,0,3
style.css,131,css,4cc131b3,Mena Song-Lew,2025-04-11,21:07:04,-07:00,2025-04-11T21:07:04-07:00,0,13
style.css,132,css,4cc131b3,Mena Song-Lew,2025-04-11,21:07:04,-07:00,2025-04-11T21:07:04-07:00,0,15
style.css,133,css,f47fcb64,Mena Song-Lew,2025-04-11,21:30:56,-07:00,2025-04-11T21:30:56-07:00,0,0
style.css,134,css,4cc131b3,Mena Song-Lew,2025-04-11,21:07:04,-07:00,2025-04-11T21:07:04-07:00,0,0
style.css,135,css,4cc131b3,Mena Song-Lew,2025-04-11,21:07:04,-07:00,2025-04-11T21:07:04-07:00,0,0
style.css,136,css,4cc131b3,Mena Song-Lew,2025-04-11,21:07:04,-07:00,2025-04-11T21:07:04-07:00,0,2
style.css,137,css,4cc131b3,Mena Song-Lew,2025-04-11,21:07:04,-07:00,2025-04-11T21:07:04-07:00,0,13
style.css,138,css,4cc131b3,Mena Song-Lew,2025-04-11,21:07:04,-07:00,2025-04-11T21:07:04-07:00,0,0
style.css,139,css,4cc131b3,Mena Song-Lew,2025-04-11,21:07:04,-07:00,2025-04-11T21:07:04-07:00,0,0
style.css,140,css,4cc131b3,Mena Song-Lew,2025-04-11,21:07:04,-07:00,2025-04-11T21:07:04-07:00,0,3
style.css,141,css,4cc131b3,Mena Song-Lew,2025-04-11,21:07:04,-07:00,2025-04-11T21:07:04-07:00,0,13
style.css,142,css,4cc131b3,Mena Song-Lew,2025-04-11,21:07:04,-07:00,2025-04-11T21:07:04-07:00,0,0
style.css,143,css,f47fcb64,Mena Song-Lew,2025-04-11,21:30:56,-07:00,2025-04-11T21:30:56-07:00,0,0
style.css,144,css,f47fcb64,Mena Song-Lew,2025-04-11,21:30:56,-07:00,2025-04-11T21:30:56-07:00,0,3
style.css,145,css,f47fcb64,Mena Song-Lew,2025-04-11,21:30:56,-07:00,2025-04-11T21:30:56-07:00,0,13
style.css,146,css,f47fcb64,Mena Song-Lew,2025-04-11,21:30:56,-07:00,2025-04-11T21:30:56-07:00,0,25
style.css,147,css,f47fcb64,Mena Song-Lew,2025-04-11,21:30:56,-07:00,2025-04-11T21:30:56-07:00,0,0
style.css,148,css,d10f5019,Mena Song-Lew,2025-04-18,20:45:59,-07:00,2025-04-18T20:45:59-07:00,0,0
style.css,149,css,d10f5019,Mena Song-Lew,2025-04-18,20:45:59,-07:00,2025-04-18T20:45:59-07:00,0,0
style.css,150,css,d10f5019,Mena Song-Lew,2025-04-18,20:45:59,-07:00,2025-04-18T20:45:59-07:00,0,14
style.css,151,css,d10f5019,Mena Song-Lew,2025-04-18,20:45:59,-07:00,2025-04-18T20:45:59-07:00,0,18
style.css,152,css,d10f5019,Mena Song-Lew,2025-04-18,20:45:59,-07:00,2025-04-18T20:45:59-07:00,0,9
style.css,153,css,d10f5019,Mena Song-Lew,2025-04-18,20:45:59,-07:00,2025-04-18T20:45:59-07:00,0,11
style.css,154,css,d10f5019,Mena Song-Lew,2025-04-18,20:45:59,-07:00,2025-04-18T20:45:59-07:00,0,0
style.css,155,css,d10f5019,Mena Song-Lew,2025-04-18,20:45:59,-07:00,2025-04-18T20:45:59-07:00,0,13
style.css,156,css,d10f5019,Mena Song-Lew,2025-04-18,20:45:59,-07:00,2025-04-18T20:45:59-07:00,0,23
style.css,157,css,d10f5019,Mena Song-Lew,2025-04-18,20:45:59,-07:00,2025-04-18T20:45:59-07:00,0,0
style.css,158,css,d10f5019,Mena Song-Lew,2025-04-18,20:45:59,-07:00,2025-04-18T20:45:59-07:00,0,0
style.css,159,css,d10f5019,Mena Song-Lew,2025-04-18,20:45:59,-07:00,2025-04-18T20:45:59-07:00,0,0
style.css,160,css,d10f5019,Mena Song-Lew,2025-04-18,20:45:59,-07:00,2025-04-18T20:45:59-07:00,0,7
style.css,161,css,d10f5019,Mena Song-Lew,2025-04-18,20:45:59,-07:00,2025-04-18T20:45:59-07:00,0,23
style.css,162,css,d10f5019,Mena Song-Lew,2025-04-18,20:45:59,-07:00,2025-04-18T20:45:59-07:00,0,0
style.css,163,css,d10f5019,Mena Song-Lew,2025-04-18,20:45:59,-07:00,2025-04-18T20:45:59-07:00,0,0
style.css,164,css,9b062acc,Mena Song-Lew,2025-04-25,20:32:05,-07:00,2025-04-25T20:32:05-07:00,0,0
style.css,165,css,9b062acc,Mena Song-Lew,2025-04-25,20:32:05,-07:00,2025-04-25T20:32:05-07:00,0,0
style.css,166,css,9b062acc,Mena Song-Lew,2025-04-25,20:32:05,-07:00,2025-04-25T20:32:05-07:00,0,3
style.css,167,css,9b062acc,Mena Song-Lew,2025-04-25,20:32:05,-07:00,2025-04-25T20:32:05-07:00,0,13
style.css,168,css,9b062acc,Mena Song-Lew,2025-04-25,20:32:05,-07:00,2025-04-25T20:32:05-07:00,0,37
style.css,169,css,9b062acc,Mena Song-Lew,2025-04-25,20:32:05,-07:00,2025-04-25T20:32:05-07:00,0,0
style.css,170,css,9b062acc,Mena Song-Lew,2025-04-25,20:32:05,-07:00,2025-04-25T20:32:05-07:00,0,3
style.css,171,css,9b062acc,Mena Song-Lew,2025-04-25,20:32:05,-07:00,2025-04-25T20:32:05-07:00,0,11
style.css,172,css,9b062acc,Mena Song-Lew,2025-04-25,20:32:05,-07:00,2025-04-25T20:32:05-07:00,0,0
style.css,173,css,9b062acc,Mena Song-Lew,2025-04-25,20:32:05,-07:00,2025-04-25T20:32:05-07:00,0,3
style.css,174,css,9b062acc,Mena Song-Lew,2025-04-25,20:32:05,-07:00,2025-04-25T20:32:05-07:00,0,11
style.css,175,css,9b062acc,Mena Song-Lew,2025-04-25,20:32:05,-07:00,2025-04-25T20:32:05-07:00,0,0
style.css,176,css,8f6abf5a,Mena Song-Lew,2025-05-03,11:16:57,-07:00,2025-05-03T11:16:57-07:00,0,0
style.css,177,css,8f6abf5a,Mena Song-Lew,2025-05-03,11:16:57,-07:00,2025-05-03T11:16:57-07:00,0,0
style.css,178,css,8f6abf5a,Mena Song-Lew,2025-05-03,11:16:57,-07:00,2025-05-03T11:16:57-07:00,0,15
style.css,179,css,8f6abf5a,Mena Song-Lew,2025-05-03,11:16:57,-07:00,2025-05-03T11:16:57-07:00,0,15
style.css,180,css,8f6abf5a,Mena Song-Lew,2025-05-03,11:16:57,-07:00,2025-05-03T11:16:57-07:00,0,17
style.css,181,css,8f6abf5a,Mena Song-Lew,2025-05-03,11:16:57,-07:00,2025-05-03T11:16:57-07:00,0,0
style.css,182,css,8f6abf5a,Mena Song-Lew,2025-05-03,11:16:57,-07:00,2025-05-03T11:16:57-07:00,0,17
style.css,183,css,8f6abf5a,Mena Song-Lew,2025-05-03,11:16:57,-07:00,2025-05-03T11:16:57-07:00,0,0
style.css,184,css,8f6abf5a,Mena Song-Lew,2025-05-03,11:16:57,-07:00,2025-05-03T11:16:57-07:00,0,0
style.css,185,css,8f6abf5a,Mena Song-Lew,2025-05-03,11:16:57,-07:00,2025-05-03T11:16:57-07:00,0,8
style.css,186,css,8f6abf5a,Mena Song-Lew,2025-05-03,11:16:57,-07:00,2025-05-03T11:16:57-07:00,0,21
style.css,187,css,8f6abf5a,Mena Song-Lew,2025-05-03,11:16:57,-07:00,2025-05-03T11:16:57-07:00,0,10
style.css,188,css,8f6abf5a,Mena Song-Lew,2025-05-03,11:16:57,-07:00,2025-05-03T11:16:57-07:00,0,11
style.css,189,css,8f6abf5a,Mena Song-Lew,2025-05-03,11:16:57,-07:00,2025-05-03T11:16:57-07:00,0,19
style.css,190,css,8f6abf5a,Mena Song-Lew,2025-05-03,11:16:57,-07:00,2025-05-03T11:16:57-07:00,0,30
style.css,191,css,8f6abf5a,Mena Song-Lew,2025-05-03,11:16:57,-07:00,2025-05-03T11:16:57-07:00,0,18
style.css,192,css,8f6abf5a,Mena Song-Lew,2025-05-03,11:16:57,-07:00,2025-05-03T11:16:57-07:00,0,0
style.css,193,css,8f6abf5a,Mena Song-Lew,2025-05-03,11:16:57,-07:00,2025-05-03T11:16:57-07:00,0,0
style.css,194,css,8f6abf5a,Mena Song-Lew,2025-05-03,11:16:57,-07:00,2025-05-03T11:16:57-07:00,0,0
style.css,195,css,8f6abf5a,Mena Song-Lew,2025-05-03,11:16:57,-07:00,2025-05-03T11:16:57-07:00,0,8
style.css,196,css,8f6abf5a,Mena Song-Lew,2025-05-03,11:16:57,-07:00,2025-05-03T11:16:57-07:00,0,13
style.css,197,css,8f6abf5a,Mena Song-Lew,2025-05-03,11:16:57,-07:00,2025-05-03T11:16:57-07:00,0,58
style.css,198,css,8f6abf5a,Mena Song-Lew,2025-05-03,11:16:57,-07:00,2025-05-03T11:16:57-07:00,0,8
style.css,199,css,8f6abf5a,Mena Song-Lew,2025-05-03,11:16:57,-07:00,2025-05-03T11:16:57-07:00,0,12
style.css,200,css,8f6abf5a,Mena Song-Lew,2025-05-03,11:16:57,-07:00,2025-05-03T11:16:57-07:00,0,12
style.css,201,css,8f6abf5a,Mena Song-Lew,2025-05-03,11:16:57,-07:00,2025-05-03T11:16:57-07:00,0,43
style.css,202,css,8f6abf5a,Mena Song-Lew,2025-05-03,11:16:57,-07:00,2025-05-03T11:16:57-07:00,0,0
style.css,203,css,8f6abf5a,Mena Song-Lew,2025-05-03,11:16:57,-07:00,2025-05-03T11:16:57-07:00,0,7
style.css,204,css,8f6abf5a,Mena Song-Lew,2025-05-03,11:16:57,-07:00,2025-05-03T11:16:57-07:00,0,0
style.css,205,css,8f6abf5a,Mena Song-Lew,2025-05-03,11:16:57,-07:00,2025-05-03T11:16:57-07:00,0,0
style.css,206,css,8f6abf5a,Mena Song-Lew,2025-05-03,11:16:57,-07:00,2025-05-03T11:16:57-07:00,0,0
style.css,207,css,8f6abf5a,Mena Song-Lew,2025-05-03,11:16:57,-07:00,2025-05-03T11:16:57-07:00,0,11
style.css,208,css,8f6abf5a,Mena Song-Lew,2025-05-03,11:16:57,-07:00,2025-05-03T11:16:57-07:00,0,13
style.css,209,css,8f6abf5a,Mena Song-Lew,2025-05-03,11:16:57,-07:00,2025-05-03T11:16:57-07:00,0,19
style.css,210,css,8f6abf5a,Mena Song-Lew,2025-05-03,11:16:57,-07:00,2025-05-03T11:16:57-07:00,0,10
style.css,211,css,8f6abf5a,Mena Song-Lew,2025-05-03,11:16:57,-07:00,2025-05-03T11:16:57-07:00,0,0
style.css,212,css,8f6abf5a,Mena Song-Lew,2025-05-03,11:16:57,-07:00,2025-05-03T11:16:57-07:00,0,0
style.css,213,css,8f6abf5a,Mena Song-Lew,2025-05-03,11:16:57,-07:00,2025-05-03T11:16:57-07:00,0,0
style.css,214,css,8f6abf5a,Mena Song-Lew,2025-05-03,11:16:57,-07:00,2025-05-03T11:16:57-07:00,0,11
style.css,215,css,8f6abf5a,Mena Song-Lew,2025-05-03,11:16:57,-07:00,2025-05-03T11:16:57-07:00,0,13
style.css,216,css,8f6abf5a,Mena Song-Lew,2025-05-03,11:16:57,-07:00,2025-05-03T11:16:57-07:00,0,23
style.css,217,css,8f6abf5a,Mena Song-Lew,2025-05-03,11:16:57,-07:00,2025-05-03T11:16:57-07:00,0,8
style.css,218,css,8f6abf5a,Mena Song-Lew,2025-05-03,11:16:57,-07:00,2025-05-03T11:16:57-07:00,0,0
style.css,219,css,8f6abf5a,Mena Song-Lew,2025-05-03,11:16:57,-07:00,2025-05-03T11:16:57-07:00,0,0
style.css,220,css,41f4d5a4,Mena Song-Lew,2025-05-03,12:24:15,-07:00,2025-05-03T12:24:15-07:00,0,0
style.css,221,css,41f4d5a4,Mena Song-Lew,2025-05-03,12:24:15,-07:00,2025-05-03T12:24:15-07:00,0,18
style.css,222,css,41f4d5a4,Mena Song-Lew,2025-05-03,12:24:15,-07:00,2025-05-03T12:24:15-07:00,0,17
style.css,223,css,41f4d5a4,Mena Song-Lew,2025-05-03,12:24:15,-07:00,2025-05-03T12:24:15-07:00,0,12
style.css,224,css,41f4d5a4,Mena Song-Lew,2025-05-03,12:24:15,-07:00,2025-05-03T12:24:15-07:00,0,17
style.css,225,css,41f4d5a4,Mena Song-Lew,2025-05-03,12:24:15,-07:00,2025-05-03T12:24:15-07:00,0,0
style.css,226,css,41f4d5a4,Mena Song-Lew,2025-05-03,12:24:15,-07:00,2025-05-03T12:24:15-07:00,0,0
style.css,227,css,41f4d5a4,Mena Song-Lew,2025-05-03,12:24:15,-07:00,2025-05-03T12:24:15-07:00,0,0
style.css,228,css,41f4d5a4,Mena Song-Lew,2025-05-03,12:24:15,-07:00,2025-05-03T12:24:15-07:00,0,5
style.css,229,css,41f4d5a4,Mena Song-Lew,2025-05-03,12:24:15,-07:00,2025-05-03T12:24:15-07:00,0,15
style.css,230,css,41f4d5a4,Mena Song-Lew,2025-05-03,12:24:15,-07:00,2025-05-03T12:24:15-07:00,0,0
style.css,231,css,41f4d5a4,Mena Song-Lew,2025-05-03,12:24:15,-07:00,2025-05-03T12:24:15-07:00,0,0
style.css,232,css,41f4d5a4,Mena Song-Lew,2025-05-03,12:24:15,-07:00,2025-05-03T12:24:15-07:00,0,10
style.css,233,css,41f4d5a4,Mena Song-Lew,2025-05-03,12:24:15,-07:00,2025-05-03T12:24:15-07:00,0,36
style.css,234,css,41f4d5a4,Mena Song-Lew,2025-05-03,12:24:15,-07:00,2025-05-03T12:24:15-07:00,0,0
style.css,235,css,41f4d5a4,Mena Song-Lew,2025-05-03,12:24:15,-07:00,2025-05-03T12:24:15-07:00,0,11
style.css,236,css,41f4d5a4,Mena Song-Lew,2025-05-03,12:24:15,-07:00,2025-05-03T12:24:15-07:00,0,18
style.css,237,css,41f4d5a4,Mena Song-Lew,2025-05-03,12:24:15,-07:00,2025-05-03T12:24:15-07:00,0,0
style.css,238,css,41f4d5a4,Mena Song-Lew,2025-05-03,12:24:15,-07:00,2025-05-03T12:24:15-07:00,0,0
style.css,239,css,41f4d5a4,Mena Song-Lew,2025-05-03,12:24:15,-07:00,2025-05-03T12:24:15-07:00,0,0
style.css,240,css,41f4d5a4,Mena Song-Lew,2025-05-03,12:24:15,-07:00,2025-05-03T12:24:15-07:00,0,11
style.css,241,css,41f4d5a4,Mena Song-Lew,2025-05-03,12:24:15,-07:00,2025-05-03T12:24:15-07:00,0,18
style.css,242,css,41f4d5a4,Mena Song-Lew,2025-05-03,12:24:15,-07:00,2025-05-03T12:24:15-07:00,0,0
index.js,1,js,9b062acc,Mena Song-Lew,2025-04-25,20:32:05,-07:00,2025-04-25T20:32:05-07:00,0,72
index.js,2,js,9b062acc,Mena Song-Lew,2025-04-25,20:32:05,-07:00,2025-04-25T20:32:05-07:00,0,0
index.js,3,js,9b062acc,Mena Song-Lew,2025-04-25,20:32:05,-07:00,2025-04-25T20:32:05-07:00,0,55
index.js,4,js,9b062acc,Mena Song-Lew,2025-04-25,20:32:05,-07:00,2025-04-25T20:32:05-07:00,0,21
index.js,5,js,9b062acc,Mena Song-Lew,2025-04-25,20:32:05,-07:00,2025-04-25T20:32:05-07:00,0,43
index.js,6,js,9b062acc,Mena Song-Lew,2025-04-25,20:32:05,-07:00,2025-04-25T20:32:05-07:00,0,0
index.js,7,js,9b062acc,Mena Song-Lew,2025-04-25,20:32:05,-07:00,2025-04-25T20:32:05-07:00,0,61
index.js,8,js,9b062acc,Mena Song-Lew,2025-04-25,20:32:05,-07:00,2025-04-25T20:32:05-07:00,0,55
index.js,9,js,9b062acc,Mena Song-Lew,2025-04-25,20:32:05,-07:00,2025-04-25T20:32:05-07:00,0,0
index.js,10,js,9b062acc,Mena Song-Lew,2025-04-25,20:32:05,-07:00,2025-04-25T20:32:05-07:00,0,17
index.js,11,js,9b062acc,Mena Song-Lew,2025-04-25,20:32:05,-07:00,2025-04-25T20:32:05-07:00,0,52
index.js,12,js,9b062acc,Mena Song-Lew,2025-04-25,20:32:05,-07:00,2025-04-25T20:32:05-07:00,0,61
index.js,13,js,9b062acc,Mena Song-Lew,2025-04-25,20:32:05,-07:00,2025-04-25T20:32:05-07:00,0,18
index.js,14,js,9b062acc,Mena Song-Lew,2025-04-25,20:32:05,-07:00,2025-04-25T20:32:05-07:00,0,25
index.js,15,js,9b062acc,Mena Song-Lew,2025-04-25,20:32:05,-07:00,2025-04-25T20:32:05-07:00,0,3
index.js,16,js,9b062acc,Mena Song-Lew,2025-04-25,20:32:05,-07:00,2025-04-25T20:32:05-07:00,0,56
index.js,17,js,9b062acc,Mena Song-Lew,2025-04-25,20:32:05,-07:00,2025-04-25T20:32:05-07:00,0,56
index.js,18,js,9b062acc,Mena Song-Lew,2025-04-25,20:32:05,-07:00,2025-04-25T20:32:05-07:00,0,50
index.js,19,js,9b062acc,Mena Song-Lew,2025-04-25,20:32:05,-07:00,2025-04-25T20:32:05-07:00,0,50
index.js,20,js,9b062acc,Mena Song-Lew,2025-04-25,20:32:05,-07:00,2025-04-25T20:32:05-07:00,0,4
index.js,21,js,9b062acc,Mena Song-Lew,2025-04-25,20:32:05,-07:00,2025-04-25T20:32:05-07:00,0,1
index.js,22,js,9b062acc,Mena Song-Lew,2025-04-25,20:32:05,-07:00,2025-04-25T20:32:05-07:00,0,0
index.html,1,html,75ccb723,Mena Song-Lew,2025-04-04,01:29:16,-07:00,2025-04-04T01:29:16-07:00,0,14
index.html,2,html,75ccb723,Mena Song-Lew,2025-04-04,01:29:16,-07:00,2025-04-04T01:29:16-07:00,0,15
index.html,3,html,75ccb723,Mena Song-Lew,2025-04-04,01:29:16,-07:00,2025-04-04T01:29:16-07:00,0,5
index.html,4,html,75ccb723,Mena Song-Lew,2025-04-04,01:29:16,-07:00,2025-04-04T01:29:16-07:00,0,21
index.html,5,html,75ccb723,Mena Song-Lew,2025-04-04,01:29:16,-07:00,2025-04-04T01:29:16-07:00,0,69
index.html,6,html,75ccb723,Mena Song-Lew,2025-04-04,01:29:16,-07:00,2025-04-04T01:29:16-07:00,0,56
index.html,7,html,5aeb2404,Mena Song-Lew,2025-04-04,12:44:24,-07:00,2025-04-04T12:44:24-07:00,0,42
index.html,8,html,d10f5019,Mena Song-Lew,2025-04-18,20:45:59,-07:00,2025-04-18T20:45:59-07:00,0,46
index.html,9,html,d10f5019,Mena Song-Lew,2025-04-18,20:45:59,-07:00,2025-04-18T20:45:59-07:00,0,0
index.html,10,html,d10f5019,Mena Song-Lew,2025-04-18,20:45:59,-07:00,2025-04-18T20:45:59-07:00,0,0
index.html,11,html,75ccb723,Mena Song-Lew,2025-04-04,01:29:16,-07:00,2025-04-04T01:29:16-07:00,0,6
index.html,12,html,75ccb723,Mena Song-Lew,2025-04-04,01:29:16,-07:00,2025-04-04T01:29:16-07:00,0,5
index.html,13,html,10df9d83,Mena Song-Lew,2025-04-04,13:16:36,-07:00,2025-04-04T13:16:36-07:00,0,0
index.html,14,html,4cc131b3,Mena Song-Lew,2025-04-11,21:07:04,-07:00,2025-04-11T21:07:04-07:00,0,21
index.html,15,html,4cc131b3,Mena Song-Lew,2025-04-11,21:07:04,-07:00,2025-04-11T21:07:04-07:00,0,0
index.html,16,html,4cc131b3,Mena Song-Lew,2025-04-11,21:07:04,-07:00,2025-04-11T21:07:04-07:00,0,146
index.html,17,html,5aeb2404,Mena Song-Lew,2025-04-04,12:44:24,-07:00,2025-04-04T12:44:24-07:00,0,78
index.html,18,html,9b062acc,Mena Song-Lew,2025-04-25,20:32:05,-07:00,2025-04-25T20:32:05-07:00,0,0
index.html,19,html,9b062acc,Mena Song-Lew,2025-04-25,20:32:05,-07:00,2025-04-25T20:32:05-07:00,0,23
index.html,20,html,9b062acc,Mena Song-Lew,2025-04-25,20:32:05,-07:00,2025-04-25T20:32:05-07:00,0,21
index.html,21,html,9b062acc,Mena Song-Lew,2025-04-25,20:32:05,-07:00,2025-04-25T20:32:05-07:00,0,51
index.html,22,html,9b062acc,Mena Song-Lew,2025-04-25,20:32:05,-07:00,2025-04-25T20:32:05-07:00,0,5
index.html,23,html,9b062acc,Mena Song-Lew,2025-04-25,20:32:05,-07:00,2025-04-25T20:32:05-07:00,0,23
index.html,24,html,9b062acc,Mena Song-Lew,2025-04-25,20:32:05,-07:00,2025-04-25T20:32:05-07:00,0,23
index.html,25,html,9b062acc,Mena Song-Lew,2025-04-25,20:32:05,-07:00,2025-04-25T20:32:05-07:00,0,51
index.html,26,html,9b062acc,Mena Song-Lew,2025-04-25,20:32:05,-07:00,2025-04-25T20:32:05-07:00,0,5
index.html,27,html,9b062acc,Mena Song-Lew,2025-04-25,20:32:05,-07:00,2025-04-25T20:32:05-07:00,0,0
index.html,28,html,75ccb723,Mena Song-Lew,2025-04-04,01:29:16,-07:00,2025-04-04T01:29:16-07:00,0,6
index.html,29,html,75ccb723,Mena Song-Lew,2025-04-04,01:29:16,-07:00,2025-04-04T01:29:16-07:00,0,6
global.js,1,js,d10f5019,Mena Song-Lew,2025-04-18,20:45:59,-07:00,2025-04-18T20:45:59-07:00,0,26
global.js,2,js,d10f5019,Mena Song-Lew,2025-04-18,20:45:59,-07:00,2025-04-18T20:45:59-07:00,0,0
global.js,3,js,d10f5019,Mena Song-Lew,2025-04-18,20:45:59,-07:00,2025-04-18T20:45:59-07:00,0,42
global.js,4,js,d10f5019,Mena Song-Lew,2025-04-18,20:45:59,-07:00,2025-04-18T20:45:59-07:00,0,53
global.js,5,js,d10f5019,Mena Song-Lew,2025-04-18,20:45:59,-07:00,2025-04-18T20:45:59-07:00,0,1
global.js,6,js,d10f5019,Mena Song-Lew,2025-04-18,20:45:59,-07:00,2025-04-18T20:45:59-07:00,0,0
global.js,7,js,d10f5019,Mena Song-Lew,2025-04-18,20:45:59,-07:00,2025-04-18T20:45:59-07:00,0,9
global.js,8,js,d10f5019,Mena Song-Lew,2025-04-18,20:45:59,-07:00,2025-04-18T20:45:59-07:00,0,0
global.js,9,js,d10f5019,Mena Song-Lew,2025-04-18,20:45:59,-07:00,2025-04-18T20:45:59-07:00,0,12
global.js,10,js,d10f5019,Mena Song-Lew,2025-04-18,20:45:59,-07:00,2025-04-18T20:45:59-07:00,0,25
global.js,11,js,d10f5019,Mena Song-Lew,2025-04-18,20:45:59,-07:00,2025-04-18T20:45:59-07:00,0,35
global.js,12,js,d10f5019,Mena Song-Lew,2025-04-18,20:45:59,-07:00,2025-04-18T20:45:59-07:00,0,37
global.js,13,js,d10f5019,Mena Song-Lew,2025-04-18,20:45:59,-07:00,2025-04-18T20:45:59-07:00,0,33
global.js,14,js,00000000,Not Committed Yet,2025-05-10,20:32:56,-07:00,2025-05-10T20:32:56-07:00,0,29
global.js,15,js,d10f5019,Mena Song-Lew,2025-04-18,20:45:59,-07:00,2025-04-18T20:45:59-07:00,0,53
global.js,16,js,00000000,Not Committed Yet,2025-05-10,20:32:56,-07:00,2025-05-10T20:32:56-07:00,0,0
global.js,17,js,d10f5019,Mena Song-Lew,2025-04-18,20:45:59,-07:00,2025-04-18T20:45:59-07:00,0,0
global.js,18,js,d10f5019,Mena Song-Lew,2025-04-18,20:45:59,-07:00,2025-04-18T20:45:59-07:00,0,0
global.js,19,js,d10f5019,Mena Song-Lew,2025-04-18,20:45:59,-07:00,2025-04-18T20:45:59-07:00,0,89
global.js,20,js,d10f5019,Mena Song-Lew,2025-04-18,20:45:59,-07:00,2025-04-18T20:45:59-07:00,0,37
global.js,21,js,f9c8f0d5,Mena Song-Lew,2025-04-18,20:56:20,-07:00,2025-04-18T20:56:20-07:00,0,49
global.js,22,js,d10f5019,Mena Song-Lew,2025-04-18,20:45:59,-07:00,2025-04-18T20:45:59-07:00,0,0
global.js,23,js,d10f5019,Mena Song-Lew,2025-04-18,20:45:59,-07:00,2025-04-18T20:45:59-07:00,0,39
global.js,24,js,d10f5019,Mena Song-Lew,2025-04-18,20:45:59,-07:00,2025-04-18T20:45:59-07:00,0,26
global.js,25,js,d10f5019,Mena Song-Lew,2025-04-18,20:45:59,-07:00,2025-04-18T20:45:59-07:00,0,0
global.js,26,js,d10f5019,Mena Song-Lew,2025-04-18,20:45:59,-07:00,2025-04-18T20:45:59-07:00,0,21
global.js,27,js,d10f5019,Mena Song-Lew,2025-04-18,20:45:59,-07:00,2025-04-18T20:45:59-07:00,0,15
global.js,28,js,d10f5019,Mena Song-Lew,2025-04-18,20:45:59,-07:00,2025-04-18T20:45:59-07:00,0,19
global.js,29,js,d10f5019,Mena Song-Lew,2025-04-18,20:45:59,-07:00,2025-04-18T20:45:59-07:00,0,0
global.js,30,js,d10f5019,Mena Song-Lew,2025-04-18,20:45:59,-07:00,2025-04-18T20:45:59-07:00,0,29
global.js,31,js,d10f5019,Mena Song-Lew,2025-04-18,20:45:59,-07:00,2025-04-18T20:45:59-07:00,0,21
global.js,32,js,d10f5019,Mena Song-Lew,2025-04-18,20:45:59,-07:00,2025-04-18T20:45:59-07:00,0,1
global.js,33,js,d10f5019,Mena Song-Lew,2025-04-18,20:45:59,-07:00,2025-04-18T20:45:59-07:00,0,0
global.js,34,js,d10f5019,Mena Song-Lew,2025-04-18,20:45:59,-07:00,2025-04-18T20:45:59-07:00,0,35
global.js,35,js,d10f5019,Mena Song-Lew,2025-04-18,20:45:59,-07:00,2025-04-18T20:45:59-07:00,0,12
global.js,36,js,d10f5019,Mena Song-Lew,2025-04-18,20:45:59,-07:00,2025-04-18T20:45:59-07:00,0,21
global.js,37,js,d10f5019,Mena Song-Lew,2025-04-18,20:45:59,-07:00,2025-04-18T20:45:59-07:00,0,13
global.js,38,js,d10f5019,Mena Song-Lew,2025-04-18,20:45:59,-07:00,2025-04-18T20:45:59-07:00,0,0
global.js,39,js,d10f5019,Mena Song-Lew,2025-04-18,20:45:59,-07:00,2025-04-18T20:45:59-07:00,0,66
global.js,40,js,d10f5019,Mena Song-Lew,2025-04-18,20:45:59,-07:00,2025-04-18T20:45:59-07:00,0,26
global.js,41,js,d10f5019,Mena Song-Lew,2025-04-18,20:45:59,-07:00,2025-04-18T20:45:59-07:00,0,1
global.js,42,js,d10f5019,Mena Song-Lew,2025-04-18,20:45:59,-07:00,2025-04-18T20:45:59-07:00,0,0
global.js,43,js,d10f5019,Mena Song-Lew,2025-04-18,20:45:59,-07:00,2025-04-18T20:45:59-07:00,0,30
global.js,44,js,d10f5019,Mena Song-Lew,2025-04-18,20:45:59,-07:00,2025-04-18T20:45:59-07:00,0,19
global.js,45,js,d10f5019,Mena Song-Lew,2025-04-18,20:45:59,-07:00,2025-04-18T20:45:59-07:00,0,1
global.js,46,js,d10f5019,Mena Song-Lew,2025-04-18,20:45:59,-07:00,2025-04-18T20:45:59-07:00,0,0
global.js,47,js,d10f5019,Mena Song-Lew,2025-04-18,20:45:59,-07:00,2025-04-18T20:45:59-07:00,0,1
global.js,48,js,d10f5019,Mena Song-Lew,2025-04-18,20:45:59,-07:00,2025-04-18T20:45:59-07:00,0,0
global.js,49,js,d10f5019,Mena Song-Lew,2025-04-18,20:45:59,-07:00,2025-04-18T20:45:59-07:00,0,22
global.js,50,js,d10f5019,Mena Song-Lew,2025-04-18,20:45:59,-07:00,2025-04-18T20:45:59-07:00,0,0
global.js,51,js,d10f5019,Mena Song-Lew,2025-04-18,20:45:59,-07:00,2025-04-18T20:45:59-07:00,0,32
global.js,52,js,d10f5019,Mena Song-Lew,2025-04-18,20:45:59,-07:00,2025-04-18T20:45:59-07:00,0,12
global.js,53,js,d10f5019,Mena Song-Lew,2025-04-18,20:45:59,-07:00,2025-04-18T20:45:59-07:00,0,0
global.js,54,js,d10f5019,Mena Song-Lew,2025-04-18,20:45:59,-07:00,2025-04-18T20:45:59-07:00,0,27
global.js,55,js,d10f5019,Mena Song-Lew,2025-04-18,20:45:59,-07:00,2025-04-18T20:45:59-07:00,0,5
global.js,56,js,d10f5019,Mena Song-Lew,2025-04-18,20:45:59,-07:00,2025-04-18T20:45:59-07:00,0,7
global.js,57,js,d10f5019,Mena Song-Lew,2025-04-18,20:45:59,-07:00,2025-04-18T20:45:59-07:00,0,44
global.js,58,js,d10f5019,Mena Song-Lew,2025-04-18,20:45:59,-07:00,2025-04-18T20:45:59-07:00,0,35
global.js,59,js,d10f5019,Mena Song-Lew,2025-04-18,20:45:59,-07:00,2025-04-18T20:45:59-07:00,0,33
global.js,60,js,d10f5019,Mena Song-Lew,2025-04-18,20:45:59,-07:00,2025-04-18T20:45:59-07:00,0,8
global.js,61,js,d10f5019,Mena Song-Lew,2025-04-18,20:45:59,-07:00,2025-04-18T20:45:59-07:00,0,9
global.js,62,js,d10f5019,Mena Song-Lew,2025-04-18,20:45:59,-07:00,2025-04-18T20:45:59-07:00,0,1
global.js,63,js,d10f5019,Mena Song-Lew,2025-04-18,20:45:59,-07:00,2025-04-18T20:45:59-07:00,0,0
global.js,64,js,d10f5019,Mena Song-Lew,2025-04-18,20:45:59,-07:00,2025-04-18T20:45:59-07:00,0,61
global.js,65,js,d10f5019,Mena Song-Lew,2025-04-18,20:45:59,-07:00,2025-04-18T20:45:59-07:00,0,50
global.js,66,js,d10f5019,Mena Song-Lew,2025-04-18,20:45:59,-07:00,2025-04-18T20:45:59-07:00,0,58
global.js,67,js,d10f5019,Mena Song-Lew,2025-04-18,20:45:59,-07:00,2025-04-18T20:45:59-07:00,0,78
global.js,68,js,d10f5019,Mena Song-Lew,2025-04-18,20:45:59,-07:00,2025-04-18T20:45:59-07:00,0,0
global.js,69,js,d10f5019,Mena Song-Lew,2025-04-18,20:45:59,-07:00,2025-04-18T20:45:59-07:00,0,45
global.js,70,js,d10f5019,Mena Song-Lew,2025-04-18,20:45:59,-07:00,2025-04-18T20:45:59-07:00,0,2
global.js,71,js,d10f5019,Mena Song-Lew,2025-04-18,20:45:59,-07:00,2025-04-18T20:45:59-07:00,0,0
global.js,72,js,d10f5019,Mena Song-Lew,2025-04-18,20:45:59,-07:00,2025-04-18T20:45:59-07:00,0,30
global.js,73,js,d10f5019,Mena Song-Lew,2025-04-18,20:45:59,-07:00,2025-04-18T20:45:59-07:00,0,84
global.js,74,js,d10f5019,Mena Song-Lew,2025-04-18,20:45:59,-07:00,2025-04-18T20:45:59-07:00,0,39
global.js,75,js,9b062acc,Mena Song-Lew,2025-04-25,20:32:05,-07:00,2025-04-25T20:32:05-07:00,0,1
global.js,76,js,d10f5019,Mena Song-Lew,2025-04-18,20:45:59,-07:00,2025-04-18T20:45:59-07:00,0,0
global.js,77,js,9b062acc,Mena Song-Lew,2025-04-25,20:32:05,-07:00,2025-04-25T20:32:05-07:00,0,10
global.js,78,js,9b062acc,Mena Song-Lew,2025-04-25,20:32:05,-07:00,2025-04-25T20:32:05-07:00,0,0
global.js,79,js,9b062acc,Mena Song-Lew,2025-04-25,20:32:05,-07:00,2025-04-25T20:32:05-07:00,0,37
global.js,80,js,9b062acc,Mena Song-Lew,2025-04-25,20:32:05,-07:00,2025-04-25T20:32:05-07:00,0,4
global.js,81,js,9b062acc,Mena Song-Lew,2025-04-25,20:32:05,-07:00,2025-04-25T20:32:05-07:00,0,40
global.js,82,js,9b062acc,Mena Song-Lew,2025-04-25,20:32:05,-07:00,2025-04-25T20:32:05-07:00,0,33
global.js,83,js,9b062acc,Mena Song-Lew,2025-04-25,20:32:05,-07:00,2025-04-25T20:32:05-07:00,0,18
global.js,84,js,9b062acc,Mena Song-Lew,2025-04-25,20:32:05,-07:00,2025-04-25T20:32:05-07:00,0,67
global.js,85,js,9b062acc,Mena Song-Lew,2025-04-25,20:32:05,-07:00,2025-04-25T20:32:05-07:00,0,1
global.js,86,js,9b062acc,Mena Song-Lew,2025-04-25,20:32:05,-07:00,2025-04-25T20:32:05-07:00,0,34
global.js,87,js,9b062acc,Mena Song-Lew,2025-04-25,20:32:05,-07:00,2025-04-25T20:32:05-07:00,0,11
global.js,88,js,9b062acc,Mena Song-Lew,2025-04-25,20:32:05,-07:00,2025-04-25T20:32:05-07:00,0,16
global.js,89,js,9b062acc,Mena Song-Lew,2025-04-25,20:32:05,-07:00,2025-04-25T20:32:05-07:00,0,60
global.js,90,js,9b062acc,Mena Song-Lew,2025-04-25,20:32:05,-07:00,2025-04-25T20:32:05-07:00,0,1
global.js,91,js,9b062acc,Mena Song-Lew,2025-04-25,20:32:05,-07:00,2025-04-25T20:32:05-07:00,0,1
global.js,92,js,d10f5019,Mena Song-Lew,2025-04-18,20:45:59,-07:00,2025-04-18T20:45:59-07:00,0,0
global.js,93,js,9b062acc,Mena Song-Lew,2025-04-25,20:32:05,-07:00,2025-04-25T20:32:05-07:00,0,79
global.js,94,js,9b062acc,Mena Song-Lew,2025-04-25,20:32:05,-07:00,2025-04-25T20:32:05-07:00,0,84
global.js,95,js,9b062acc,Mena Song-Lew,2025-04-25,20:32:05,-07:00,2025-04-25T20:32:05-07:00,0,49
global.js,96,js,9b062acc,Mena Song-Lew,2025-04-25,20:32:05,-07:00,2025-04-25T20:32:05-07:00,0,57
global.js,97,js,d10f5019,Mena Song-Lew,2025-04-18,20:45:59,-07:00,2025-04-18T20:45:59-07:00,0,0
global.js,98,js,9b062acc,Mena Song-Lew,2025-04-25,20:32:05,-07:00,2025-04-25T20:32:05-07:00,0,31
global.js,99,js,9b062acc,Mena Song-Lew,2025-04-25,20:32:05,-07:00,2025-04-25T20:32:05-07:00,0,26
global.js,100,js,9b062acc,Mena Song-Lew,2025-04-25,20:32:05,-07:00,2025-04-25T20:32:05-07:00,0,49
global.js,101,js,9b062acc,Mena Song-Lew,2025-04-25,20:32:05,-07:00,2025-04-25T20:32:05-07:00,0,52
global.js,102,js,9b062acc,Mena Song-Lew,2025-04-25,20:32:05,-07:00,2025-04-25T20:32:05-07:00,0,32
global.js,103,js,d10f5019,Mena Song-Lew,2025-04-18,20:45:59,-07:00,2025-04-18T20:45:59-07:00,0,0
global.js,104,js,9b062acc,Mena Song-Lew,2025-04-25,20:32:05,-07:00,2025-04-25T20:32:05-07:00,0,41
global.js,105,js,9b062acc,Mena Song-Lew,2025-04-25,20:32:05,-07:00,2025-04-25T20:32:05-07:00,0,20
global.js,106,js,9b062acc,Mena Song-Lew,2025-04-25,20:32:05,-07:00,2025-04-25T20:32:05-07:00,0,20
global.js,107,js,d10f5019,Mena Song-Lew,2025-04-18,20:45:59,-07:00,2025-04-18T20:45:59-07:00,0,0
global.js,108,js,9b062acc,Mena Song-Lew,2025-04-25,20:32:05,-07:00,2025-04-25T20:32:05-07:00,0,47
global.js,109,js,9b062acc,Mena Song-Lew,2025-04-25,20:32:05,-07:00,2025-04-25T20:32:05-07:00,0,42
global.js,110,js,d10f5019,Mena Song-Lew,2025-04-18,20:45:59,-07:00,2025-04-18T20:45:59-07:00,0,0
global.js,111,js,f4a30189,Mena Song-Lew,2025-05-02,12:17:30,-07:00,2025-05-02T12:17:30-07:00,0,40
global.js,112,js,f4a30189,Mena Song-Lew,2025-05-02,12:17:30,-07:00,2025-05-02T12:17:30-07:00,0,36
global.js,113,js,f4a30189,Mena Song-Lew,2025-05-02,12:17:30,-07:00,2025-05-02T12:17:30-07:00,0,0
global.js,114,js,f4a30189,Mena Song-Lew,2025-05-02,12:17:30,-07:00,2025-05-02T12:17:30-07:00,0,47
global.js,115,js,f4a30189,Mena Song-Lew,2025-05-02,12:17:30,-07:00,2025-05-02T12:17:30-07:00,0,34
global.js,116,js,f4a30189,Mena Song-Lew,2025-05-02,12:17:30,-07:00,2025-05-02T12:17:30-07:00,0,27
global.js,117,js,f4a30189,Mena Song-Lew,2025-05-02,12:17:30,-07:00,2025-05-02T12:17:30-07:00,0,0
global.js,118,js,9b062acc,Mena Song-Lew,2025-04-25,20:32:05,-07:00,2025-04-25T20:32:05-07:00,0,28
global.js,119,js,9b062acc,Mena Song-Lew,2025-04-25,20:32:05,-07:00,2025-04-25T20:32:05-07:00,0,24
global.js,120,js,f4a30189,Mena Song-Lew,2025-05-02,12:17:30,-07:00,2025-05-02T12:17:30-07:00,0,30
global.js,121,js,9b062acc,Mena Song-Lew,2025-04-25,20:32:05,-07:00,2025-04-25T20:32:05-07:00,0,0
global.js,122,js,9b062acc,Mena Song-Lew,2025-04-25,20:32:05,-07:00,2025-04-25T20:32:05-07:00,0,37
global.js,123,js,9b062acc,Mena Song-Lew,2025-04-25,20:32:05,-07:00,2025-04-25T20:32:05-07:00,0,1
global.js,124,js,9b062acc,Mena Song-Lew,2025-04-25,20:32:05,-07:00,2025-04-25T20:32:05-07:00,0,22
global.js,125,js,9b062acc,Mena Song-Lew,2025-04-25,20:32:05,-07:00,2025-04-25T20:32:05-07:00,0,1
global.js,126,js,9b062acc,Mena Song-Lew,2025-04-25,20:32:05,-07:00,2025-04-25T20:32:05-07:00,0,0
global.js,127,js,9b062acc,Mena Song-Lew,2025-04-25,20:32:05,-07:00,2025-04-25T20:32:05-07:00,0,1
global.js,128,js,9b062acc,Mena Song-Lew,2025-04-25,20:32:05,-07:00,2025-04-25T20:32:05-07:00,0,0
global.js,129,js,9b062acc,Mena Song-Lew,2025-04-25,20:32:05,-07:00,2025-04-25T20:32:05-07:00,0,42
global.js,130,js,9b062acc,Mena Song-Lew,2025-04-25,20:32:05,-07:00,2025-04-25T20:32:05-07:00,0,60
global.js,131,js,9b062acc,Mena Song-Lew,2025-04-25,20:32:05,-07:00,2025-04-25T20:32:05-07:00,0,1
global.js,132,js,d10f5019,Mena Song-Lew,2025-04-18,20:45:59,-07:00,2025-04-18T20:45:59-07:00,0,0
resume\index.html,1,html,a3e9f023,Mena Song-Lew,2025-04-04,15:56:48,-07:00,2025-04-04T15:56:48-07:00,0,14
resume\index.html,2,html,a3e9f023,Mena Song-Lew,2025-04-04,15:56:48,-07:00,2025-04-04T15:56:48-07:00,0,15
resume\index.html,3,html,a3e9f023,Mena Song-Lew,2025-04-04,15:56:48,-07:00,2025-04-04T15:56:48-07:00,0,5
resume\index.html,4,html,a3e9f023,Mena Song-Lew,2025-04-04,15:56:48,-07:00,2025-04-04T15:56:48-07:00,0,21
resume\index.html,5,html,a3e9f023,Mena Song-Lew,2025-04-04,15:56:48,-07:00,2025-04-04T15:56:48-07:00,0,69
resume\index.html,6,html,a3e9f023,Mena Song-Lew,2025-04-04,15:56:48,-07:00,2025-04-04T15:56:48-07:00,0,20
resume\index.html,7,html,4cc131b3,Mena Song-Lew,2025-04-11,21:07:04,-07:00,2025-04-11T21:07:04-07:00,0,45
resume\index.html,8,html,d10f5019,Mena Song-Lew,2025-04-18,20:45:59,-07:00,2025-04-18T20:45:59-07:00,0,49
resume\index.html,9,html,a3e9f023,Mena Song-Lew,2025-04-04,15:56:48,-07:00,2025-04-04T15:56:48-07:00,0,6
resume\index.html,10,html,a3e9f023,Mena Song-Lew,2025-04-04,15:56:48,-07:00,2025-04-04T15:56:48-07:00,0,5
resume\index.html,11,html,4cc131b3,Mena Song-Lew,2025-04-11,21:07:04,-07:00,2025-04-11T21:07:04-07:00,0,0
resume\index.html,12,html,4cc131b3,Mena Song-Lew,2025-04-11,21:07:04,-07:00,2025-04-11T21:07:04-07:00,0,14
resume\index.html,13,html,4cc131b3,Mena Song-Lew,2025-04-11,21:07:04,-07:00,2025-04-11T21:07:04-07:00,0,0
resume\index.html,14,html,a3e9f023,Mena Song-Lew,2025-04-04,15:56:48,-07:00,2025-04-04T15:56:48-07:00,0,21
resume\index.html,15,html,a3e9f023,Mena Song-Lew,2025-04-04,15:56:48,-07:00,2025-04-04T15:56:48-07:00,0,8
resume\index.html,16,html,a3e9f023,Mena Song-Lew,2025-04-04,15:56:48,-07:00,2025-04-04T15:56:48-07:00,0,40
resume\index.html,17,html,a3e9f023,Mena Song-Lew,2025-04-04,15:56:48,-07:00,2025-04-04T15:56:48-07:00,0,9
resume\index.html,18,html,a3e9f023,Mena Song-Lew,2025-04-04,15:56:48,-07:00,2025-04-04T15:56:48-07:00,0,0
resume\index.html,19,html,a3e9f023,Mena Song-Lew,2025-04-04,15:56:48,-07:00,2025-04-04T15:56:48-07:00,0,8
resume\index.html,20,html,a3e9f023,Mena Song-Lew,2025-04-04,15:56:48,-07:00,2025-04-04T15:56:48-07:00,0,17
resume\index.html,21,html,a3e9f023,Mena Song-Lew,2025-04-04,15:56:48,-07:00,2025-04-04T15:56:48-07:00,0,8
resume\index.html,22,html,4cc131b3,Mena Song-Lew,2025-04-11,21:07:04,-07:00,2025-04-11T21:07:04-07:00,0,42
resume\index.html,23,html,a3e9f023,Mena Song-Lew,2025-04-04,15:56:48,-07:00,2025-04-04T15:56:48-07:00,0,38
resume\index.html,24,html,a3e9f023,Mena Song-Lew,2025-04-04,15:56:48,-07:00,2025-04-04T15:56:48-07:00,0,56
resume\index.html,25,html,a3e9f023,Mena Song-Lew,2025-04-04,15:56:48,-07:00,2025-04-04T15:56:48-07:00,0,3
resume\index.html,26,html,a3e9f023,Mena Song-Lew,2025-04-04,15:56:48,-07:00,2025-04-04T15:56:48-07:00,0,18
resume\index.html,27,html,a3e9f023,Mena Song-Lew,2025-04-04,15:56:48,-07:00,2025-04-04T15:56:48-07:00,0,21
resume\index.html,28,html,a3e9f023,Mena Song-Lew,2025-04-04,15:56:48,-07:00,2025-04-04T15:56:48-07:00,0,4
resume\index.html,29,html,a3e9f023,Mena Song-Lew,2025-04-04,15:56:48,-07:00,2025-04-04T15:56:48-07:00,0,9
resume\index.html,30,html,a3e9f023,Mena Song-Lew,2025-04-04,15:56:48,-07:00,2025-04-04T15:56:48-07:00,0,9
resume\index.html,31,html,a3e9f023,Mena Song-Lew,2025-04-04,15:56:48,-07:00,2025-04-04T15:56:48-07:00,0,0
resume\index.html,32,html,a3e9f023,Mena Song-Lew,2025-04-04,15:56:48,-07:00,2025-04-04T15:56:48-07:00,0,8
resume\index.html,33,html,a3e9f023,Mena Song-Lew,2025-04-04,15:56:48,-07:00,2025-04-04T15:56:48-07:00,0,16
resume\index.html,34,html,a3e9f023,Mena Song-Lew,2025-04-04,15:56:48,-07:00,2025-04-04T15:56:48-07:00,0,8
resume\index.html,35,html,4cc131b3,Mena Song-Lew,2025-04-11,21:07:04,-07:00,2025-04-11T21:07:04-07:00,0,17
resume\index.html,36,html,a3e9f023,Mena Song-Lew,2025-04-04,15:56:48,-07:00,2025-04-04T15:56:48-07:00,0,3
resume\index.html,37,html,a3e9f023,Mena Song-Lew,2025-04-04,15:56:48,-07:00,2025-04-04T15:56:48-07:00,0,29
resume\index.html,38,html,a3e9f023,Mena Song-Lew,2025-04-04,15:56:48,-07:00,2025-04-04T15:56:48-07:00,0,29
resume\index.html,39,html,a3e9f023,Mena Song-Lew,2025-04-04,15:56:48,-07:00,2025-04-04T15:56:48-07:00,0,4
resume\index.html,40,html,a3e9f023,Mena Song-Lew,2025-04-04,15:56:48,-07:00,2025-04-04T15:56:48-07:00,0,9
resume\index.html,41,html,a3e9f023,Mena Song-Lew,2025-04-04,15:56:48,-07:00,2025-04-04T15:56:48-07:00,0,0
resume\index.html,42,html,a3e9f023,Mena Song-Lew,2025-04-04,15:56:48,-07:00,2025-04-04T15:56:48-07:00,0,8
resume\index.html,43,html,4cc131b3,Mena Song-Lew,2025-04-11,21:07:04,-07:00,2025-04-11T21:07:04-07:00,0,17
resume\index.html,44,html,a3e9f023,Mena Song-Lew,2025-04-04,15:56:48,-07:00,2025-04-04T15:56:48-07:00,0,3
resume\index.html,45,html,a3e9f023,Mena Song-Lew,2025-04-04,15:56:48,-07:00,2025-04-04T15:56:48-07:00,0,29
resume\index.html,46,html,a3e9f023,Mena Song-Lew,2025-04-04,15:56:48,-07:00,2025-04-04T15:56:48-07:00,0,29
resume\index.html,47,html,a3e9f023,Mena Song-Lew,2025-04-04,15:56:48,-07:00,2025-04-04T15:56:48-07:00,0,4
resume\index.html,48,html,a3e9f023,Mena Song-Lew,2025-04-04,15:56:48,-07:00,2025-04-04T15:56:48-07:00,0,9
resume\index.html,49,html,a3e9f023,Mena Song-Lew,2025-04-04,15:56:48,-07:00,2025-04-04T15:56:48-07:00,0,9
resume\index.html,50,html,a3e9f023,Mena Song-Lew,2025-04-04,15:56:48,-07:00,2025-04-04T15:56:48-07:00,0,0
resume\index.html,51,html,a3e9f023,Mena Song-Lew,2025-04-04,15:56:48,-07:00,2025-04-04T15:56:48-07:00,0,8
resume\index.html,52,html,a3e9f023,Mena Song-Lew,2025-04-04,15:56:48,-07:00,2025-04-04T15:56:48-07:00,0,23
resume\index.html,53,html,a3e9f023,Mena Song-Lew,2025-04-04,15:56:48,-07:00,2025-04-04T15:56:48-07:00,0,8
resume\index.html,54,html,4cc131b3,Mena Song-Lew,2025-04-11,21:07:04,-07:00,2025-04-11T21:07:04-07:00,0,19
resume\index.html,55,html,a3e9f023,Mena Song-Lew,2025-04-04,15:56:48,-07:00,2025-04-04T15:56:48-07:00,0,60
resume\index.html,56,html,a3e9f023,Mena Song-Lew,2025-04-04,15:56:48,-07:00,2025-04-04T15:56:48-07:00,0,14
resume\index.html,57,html,a3e9f023,Mena Song-Lew,2025-04-04,15:56:48,-07:00,2025-04-04T15:56:48-07:00,0,3
resume\index.html,58,html,a3e9f023,Mena Song-Lew,2025-04-04,15:56:48,-07:00,2025-04-04T15:56:48-07:00,0,25
resume\index.html,59,html,a3e9f023,Mena Song-Lew,2025-04-04,15:56:48,-07:00,2025-04-04T15:56:48-07:00,0,25
resume\index.html,60,html,a3e9f023,Mena Song-Lew,2025-04-04,15:56:48,-07:00,2025-04-04T15:56:48-07:00,0,4
resume\index.html,61,html,a3e9f023,Mena Song-Lew,2025-04-04,15:56:48,-07:00,2025-04-04T15:56:48-07:00,0,9
resume\index.html,62,html,a3e9f023,Mena Song-Lew,2025-04-04,15:56:48,-07:00,2025-04-04T15:56:48-07:00,0,8
resume\index.html,63,html,4cc131b3,Mena Song-Lew,2025-04-11,21:07:04,-07:00,2025-04-11T21:07:04-07:00,0,19
resume\index.html,64,html,a3e9f023,Mena Song-Lew,2025-04-04,15:56:48,-07:00,2025-04-04T15:56:48-07:00,0,97
resume\index.html,65,html,a3e9f023,Mena Song-Lew,2025-04-04,15:56:48,-07:00,2025-04-04T15:56:48-07:00,0,14
resume\index.html,66,html,a3e9f023,Mena Song-Lew,2025-04-04,15:56:48,-07:00,2025-04-04T15:56:48-07:00,0,3
resume\index.html,67,html,a3e9f023,Mena Song-Lew,2025-04-04,15:56:48,-07:00,2025-04-04T15:56:48-07:00,0,25
resume\index.html,68,html,a3e9f023,Mena Song-Lew,2025-04-04,15:56:48,-07:00,2025-04-04T15:56:48-07:00,0,25
resume\index.html,69,html,a3e9f023,Mena Song-Lew,2025-04-04,15:56:48,-07:00,2025-04-04T15:56:48-07:00,0,4
resume\index.html,70,html,a3e9f023,Mena Song-Lew,2025-04-04,15:56:48,-07:00,2025-04-04T15:56:48-07:00,0,9
resume\index.html,71,html,a3e9f023,Mena Song-Lew,2025-04-04,15:56:48,-07:00,2025-04-04T15:56:48-07:00,0,9
resume\index.html,72,html,a3e9f023,Mena Song-Lew,2025-04-04,15:56:48,-07:00,2025-04-04T15:56:48-07:00,0,0
resume\index.html,73,html,a3e9f023,Mena Song-Lew,2025-04-04,15:56:48,-07:00,2025-04-04T15:56:48-07:00,0,0
resume\index.html,74,html,a3e9f023,Mena Song-Lew,2025-04-04,15:56:48,-07:00,2025-04-04T15:56:48-07:00,0,0
resume\index.html,75,html,a3e9f023,Mena Song-Lew,2025-04-04,15:56:48,-07:00,2025-04-04T15:56:48-07:00,0,8
resume\index.html,76,html,a3e9f023,Mena Song-Lew,2025-04-04,15:56:48,-07:00,2025-04-04T15:56:48-07:00,0,14
resume\index.html,77,html,a3e9f023,Mena Song-Lew,2025-04-04,15:56:48,-07:00,2025-04-04T15:56:48-07:00,0,3
resume\index.html,78,html,a3e9f023,Mena Song-Lew,2025-04-04,15:56:48,-07:00,2025-04-04T15:56:48-07:00,0,10
resume\index.html,79,html,a3e9f023,Mena Song-Lew,2025-04-04,15:56:48,-07:00,2025-04-04T15:56:48-07:00,0,10
resume\index.html,80,html,a3e9f023,Mena Song-Lew,2025-04-04,15:56:48,-07:00,2025-04-04T15:56:48-07:00,0,4
resume\index.html,81,html,a3e9f023,Mena Song-Lew,2025-04-04,15:56:48,-07:00,2025-04-04T15:56:48-07:00,0,9
resume\index.html,82,html,a3e9f023,Mena Song-Lew,2025-04-04,15:56:48,-07:00,2025-04-04T15:56:48-07:00,0,0
resume\index.html,83,html,a3e9f023,Mena Song-Lew,2025-04-04,15:56:48,-07:00,2025-04-04T15:56:48-07:00,0,0
resume\index.html,84,html,a3e9f023,Mena Song-Lew,2025-04-04,15:56:48,-07:00,2025-04-04T15:56:48-07:00,0,0
resume\index.html,85,html,a3e9f023,Mena Song-Lew,2025-04-04,15:56:48,-07:00,2025-04-04T15:56:48-07:00,0,6
resume\index.html,86,html,a3e9f023,Mena Song-Lew,2025-04-04,15:56:48,-07:00,2025-04-04T15:56:48-07:00,0,6
projects\projects.js,1,js,9b062acc,Mena Song-Lew,2025-04-25,20:32:05,-07:00,2025-04-25T20:32:05-07:00,0,56
projects\projects.js,2,js,8f6abf5a,Mena Song-Lew,2025-05-03,11:16:57,-07:00,2025-05-03T11:16:57-07:00,0,64
projects\projects.js,3,js,9b062acc,Mena Song-Lew,2025-04-25,20:32:05,-07:00,2025-04-25T20:32:05-07:00,0,0
projects\projects.js,4,js,9b062acc,Mena Song-Lew,2025-04-25,20:32:05,-07:00,2025-04-25T20:32:05-07:00,0,18
projects\projects.js,5,js,9b062acc,Mena Song-Lew,2025-04-25,20:32:05,-07:00,2025-04-25T20:32:05-07:00,0,56
projects\projects.js,6,js,9b062acc,Mena Song-Lew,2025-04-25,20:32:05,-07:00,2025-04-25T20:32:05-07:00,0,61
projects\projects.js,7,js,9b062acc,Mena Song-Lew,2025-04-25,20:32:05,-07:00,2025-04-25T20:32:05-07:00,0,49
projects\projects.js,8,js,9b062acc,Mena Song-Lew,2025-04-25,20:32:05,-07:00,2025-04-25T20:32:05-07:00,0,0
projects\projects.js,9,js,9b062acc,Mena Song-Lew,2025-04-25,20:32:05,-07:00,2025-04-25T20:32:05-07:00,0,31
projects\projects.js,10,js,9b062acc,Mena Song-Lew,2025-04-25,20:32:05,-07:00,2025-04-25T20:32:05-07:00,0,45
projects\projects.js,11,js,9b062acc,Mena Song-Lew,2025-04-25,20:32:05,-07:00,2025-04-25T20:32:05-07:00,0,67
projects\projects.js,12,js,9b062acc,Mena Song-Lew,2025-04-25,20:32:05,-07:00,2025-04-25T20:32:05-07:00,0,82
projects\projects.js,13,js,8f6abf5a,Mena Song-Lew,2025-05-03,11:16:57,-07:00,2025-05-03T11:16:57-07:00,0,0
projects\projects.js,14,js,8f6abf5a,Mena Song-Lew,2025-05-03,11:16:57,-07:00,2025-05-03T11:16:57-07:00,0,11
projects\projects.js,15,js,8f6abf5a,Mena Song-Lew,2025-05-03,11:16:57,-07:00,2025-05-03T11:16:57-07:00,0,58
projects\projects.js,16,js,8f6abf5a,Mena Song-Lew,2025-05-03,11:16:57,-07:00,2025-05-03T11:16:57-07:00,0,0
projects\projects.js,17,js,8f6abf5a,Mena Song-Lew,2025-05-03,11:16:57,-07:00,2025-05-03T11:16:57-07:00,0,41
projects\projects.js,18,js,8f6abf5a,Mena Song-Lew,2025-05-03,11:16:57,-07:00,2025-05-03T11:16:57-07:00,0,39
projects\projects.js,19,js,8f6abf5a,Mena Song-Lew,2025-05-03,11:16:57,-07:00,2025-05-03T11:16:57-07:00,0,0
projects\projects.js,20,js,8f6abf5a,Mena Song-Lew,2025-05-03,11:16:57,-07:00,2025-05-03T11:16:57-07:00,0,26
projects\projects.js,21,js,8f6abf5a,Mena Song-Lew,2025-05-03,11:16:57,-07:00,2025-05-03T11:16:57-07:00,0,30
projects\projects.js,22,js,8f6abf5a,Mena Song-Lew,2025-05-03,11:16:57,-07:00,2025-05-03T11:16:57-07:00,0,13
projects\projects.js,23,js,8f6abf5a,Mena Song-Lew,2025-05-03,11:16:57,-07:00,2025-05-03T11:16:57-07:00,0,15
projects\projects.js,24,js,8f6abf5a,Mena Song-Lew,2025-05-03,11:16:57,-07:00,2025-05-03T11:16:57-07:00,0,13
projects\projects.js,25,js,8f6abf5a,Mena Song-Lew,2025-05-03,11:16:57,-07:00,2025-05-03T11:16:57-07:00,0,1
projects\projects.js,26,js,8f6abf5a,Mena Song-Lew,2025-05-03,11:16:57,-07:00,2025-05-03T11:16:57-07:00,0,0
projects\projects.js,27,js,8f6abf5a,Mena Song-Lew,2025-05-03,11:16:57,-07:00,2025-05-03T11:16:57-07:00,0,19
projects\projects.js,28,js,8f6abf5a,Mena Song-Lew,2025-05-03,11:16:57,-07:00,2025-05-03T11:16:57-07:00,0,51
projects\projects.js,29,js,8f6abf5a,Mena Song-Lew,2025-05-03,11:16:57,-07:00,2025-05-03T11:16:57-07:00,0,36
projects\projects.js,30,js,8f6abf5a,Mena Song-Lew,2025-05-03,11:16:57,-07:00,2025-05-03T11:16:57-07:00,0,2
projects\projects.js,31,js,8f6abf5a,Mena Song-Lew,2025-05-03,11:16:57,-07:00,2025-05-03T11:16:57-07:00,0,0
projects\projects.js,32,js,8f6abf5a,Mena Song-Lew,2025-05-03,11:16:57,-07:00,2025-05-03T11:16:57-07:00,0,51
projects\projects.js,33,js,8f6abf5a,Mena Song-Lew,2025-05-03,11:16:57,-07:00,2025-05-03T11:16:57-07:00,0,54
projects\projects.js,34,js,8f6abf5a,Mena Song-Lew,2025-05-03,11:16:57,-07:00,2025-05-03T11:16:57-07:00,0,43
projects\projects.js,35,js,8f6abf5a,Mena Song-Lew,2025-05-03,11:16:57,-07:00,2025-05-03T11:16:57-07:00,0,52
projects\projects.js,36,js,8f6abf5a,Mena Song-Lew,2025-05-03,11:16:57,-07:00,2025-05-03T11:16:57-07:00,0,0
projects\projects.js,37,js,8f6abf5a,Mena Song-Lew,2025-05-03,11:16:57,-07:00,2025-05-03T11:16:57-07:00,0,28
projects\projects.js,38,js,8f6abf5a,Mena Song-Lew,2025-05-03,11:16:57,-07:00,2025-05-03T11:16:57-07:00,0,43
projects\projects.js,39,js,8f6abf5a,Mena Song-Lew,2025-05-03,11:16:57,-07:00,2025-05-03T11:16:57-07:00,0,45
projects\projects.js,40,js,8f6abf5a,Mena Song-Lew,2025-05-03,11:16:57,-07:00,2025-05-03T11:16:57-07:00,0,0
projects\projects.js,41,js,8f6abf5a,Mena Song-Lew,2025-05-03,11:16:57,-07:00,2025-05-03T11:16:57-07:00,0,26
projects\projects.js,42,js,8f6abf5a,Mena Song-Lew,2025-05-03,11:16:57,-07:00,2025-05-03T11:16:57-07:00,0,48
projects\projects.js,43,js,8f6abf5a,Mena Song-Lew,2025-05-03,11:16:57,-07:00,2025-05-03T11:16:57-07:00,0,0
projects\projects.js,44,js,41f4d5a4,Mena Song-Lew,2025-05-03,12:24:15,-07:00,2025-05-03T12:24:15-07:00,0,26
projects\projects.js,45,js,41f4d5a4,Mena Song-Lew,2025-05-03,12:24:15,-07:00,2025-05-03T12:24:15-07:00,0,22
projects\projects.js,46,js,41f4d5a4,Mena Song-Lew,2025-05-03,12:24:15,-07:00,2025-05-03T12:24:15-07:00,0,0
projects\projects.js,47,js,41f4d5a4,Mena Song-Lew,2025-05-03,12:24:15,-07:00,2025-05-03T12:24:15-07:00,0,26
projects\projects.js,48,js,41f4d5a4,Mena Song-Lew,2025-05-03,12:24:15,-07:00,2025-05-03T12:24:15-07:00,0,33
projects\projects.js,49,js,41f4d5a4,Mena Song-Lew,2025-05-03,12:24:15,-07:00,2025-05-03T12:24:15-07:00,0,0
projects\projects.js,50,js,8f6abf5a,Mena Song-Lew,2025-05-03,11:16:57,-07:00,2025-05-03T11:16:57-07:00,0,31
projects\projects.js,51,js,41f4d5a4,Mena Song-Lew,2025-05-03,12:24:15,-07:00,2025-05-03T12:24:15-07:00,0,0
projects\projects.js,52,js,8f6abf5a,Mena Song-Lew,2025-05-03,11:16:57,-07:00,2025-05-03T11:16:57-07:00,0,49
projects\projects.js,53,js,41f4d5a4,Mena Song-Lew,2025-05-03,12:24:15,-07:00,2025-05-03T12:24:15-07:00,0,2
projects\projects.js,54,js,8f6abf5a,Mena Song-Lew,2025-05-03,11:16:57,-07:00,2025-05-03T11:16:57-07:00,0,14
projects\projects.js,55,js,8f6abf5a,Mena Song-Lew,2025-05-03,11:16:57,-07:00,2025-05-03T11:16:57-07:00,0,14
projects\projects.js,56,js,8f6abf5a,Mena Song-Lew,2025-05-03,11:16:57,-07:00,2025-05-03T11:16:57-07:00,0,26
projects\projects.js,57,js,41f4d5a4,Mena Song-Lew,2025-05-03,12:24:15,-07:00,2025-05-03T12:24:15-07:00,0,19
projects\projects.js,58,js,41f4d5a4,Mena Song-Lew,2025-05-03,12:24:15,-07:00,2025-05-03T12:24:15-07:00,0,50
projects\projects.js,59,js,41f4d5a4,Mena Song-Lew,2025-05-03,12:24:15,-07:00,2025-05-03T12:24:15-07:00,0,0
projects\projects.js,60,js,41f4d5a4,Mena Song-Lew,2025-05-03,12:24:15,-07:00,2025-05-03T12:24:15-07:00,0,2
projects\projects.js,61,js,41f4d5a4,Mena Song-Lew,2025-05-03,12:24:15,-07:00,2025-05-03T12:24:15-07:00,0,17
projects\projects.js,62,js,41f4d5a4,Mena Song-Lew,2025-05-03,12:24:15,-07:00,2025-05-03T12:24:15-07:00,0,27
projects\projects.js,63,js,41f4d5a4,Mena Song-Lew,2025-05-03,12:24:15,-07:00,2025-05-03T12:24:15-07:00,0,63
projects\projects.js,64,js,41f4d5a4,Mena Song-Lew,2025-05-03,12:24:15,-07:00,2025-05-03T12:24:15-07:00,0,38
projects\projects.js,65,js,41f4d5a4,Mena Song-Lew,2025-05-03,12:24:15,-07:00,2025-05-03T12:24:15-07:00,0,2
projects\projects.js,66,js,41f4d5a4,Mena Song-Lew,2025-05-03,12:24:15,-07:00,2025-05-03T12:24:15-07:00,0,0
projects\projects.js,67,js,41f4d5a4,Mena Song-Lew,2025-05-03,12:24:15,-07:00,2025-05-03T12:24:15-07:00,0,5
projects\projects.js,68,js,41f4d5a4,Mena Song-Lew,2025-05-03,12:24:15,-07:00,2025-05-03T12:24:15-07:00,0,15
projects\projects.js,69,js,41f4d5a4,Mena Song-Lew,2025-05-03,12:24:15,-07:00,2025-05-03T12:24:15-07:00,0,27
projects\projects.js,70,js,41f4d5a4,Mena Song-Lew,2025-05-03,12:24:15,-07:00,2025-05-03T12:24:15-07:00,0,60
projects\projects.js,71,js,41f4d5a4,Mena Song-Lew,2025-05-03,12:24:15,-07:00,2025-05-03T12:24:15-07:00,0,38
projects\projects.js,72,js,41f4d5a4,Mena Song-Lew,2025-05-03,12:24:15,-07:00,2025-05-03T12:24:15-07:00,0,2
projects\projects.js,73,js,41f4d5a4,Mena Song-Lew,2025-05-03,12:24:15,-07:00,2025-05-03T12:24:15-07:00,0,0
projects\projects.js,74,js,41f4d5a4,Mena Song-Lew,2025-05-03,12:24:15,-07:00,2025-05-03T12:24:15-07:00,0,26
projects\projects.js,75,js,41f4d5a4,Mena Song-Lew,2025-05-03,12:24:15,-07:00,2025-05-03T12:24:15-07:00,0,70
projects\projects.js,76,js,41f4d5a4,Mena Song-Lew,2025-05-03,12:24:15,-07:00,2025-05-03T12:24:15-07:00,0,7
projects\projects.js,77,js,41f4d5a4,Mena Song-Lew,2025-05-03,12:24:15,-07:00,2025-05-03T12:24:15-07:00,0,47
projects\projects.js,78,js,41f4d5a4,Mena Song-Lew,2025-05-03,12:24:15,-07:00,2025-05-03T12:24:15-07:00,0,50
projects\projects.js,79,js,41f4d5a4,Mena Song-Lew,2025-05-03,12:24:15,-07:00,2025-05-03T12:24:15-07:00,0,84
projects\projects.js,80,js,41f4d5a4,Mena Song-Lew,2025-05-03,12:24:15,-07:00,2025-05-03T12:24:15-07:00,0,21
projects\projects.js,81,js,41f4d5a4,Mena Song-Lew,2025-05-03,12:24:15,-07:00,2025-05-03T12:24:15-07:00,0,49
projects\projects.js,82,js,41f4d5a4,Mena Song-Lew,2025-05-03,12:24:15,-07:00,2025-05-03T12:24:15-07:00,0,1
projects\projects.js,83,js,41f4d5a4,Mena Song-Lew,2025-05-03,12:24:15,-07:00,2025-05-03T12:24:15-07:00,0,0
projects\projects.js,84,js,41f4d5a4,Mena Song-Lew,2025-05-03,12:24:15,-07:00,2025-05-03T12:24:15-07:00,0,26
projects\projects.js,85,js,41f4d5a4,Mena Song-Lew,2025-05-03,12:24:15,-07:00,2025-05-03T12:24:15-07:00,0,2
projects\projects.js,86,js,8f6abf5a,Mena Song-Lew,2025-05-03,11:16:57,-07:00,2025-05-03T11:16:57-07:00,0,2
projects\projects.js,87,js,8f6abf5a,Mena Song-Lew,2025-05-03,11:16:57,-07:00,2025-05-03T11:16:57-07:00,0,0
projects\projects.js,88,js,8f6abf5a,Mena Song-Lew,2025-05-03,11:16:57,-07:00,2025-05-03T11:16:57-07:00,0,28
projects\projects.js,89,js,8f6abf5a,Mena Song-Lew,2025-05-03,11:16:57,-07:00,2025-05-03T11:16:57-07:00,0,5
projects\projects.js,90,js,8f6abf5a,Mena Song-Lew,2025-05-03,11:16:57,-07:00,2025-05-03T11:16:57-07:00,0,12
projects\projects.js,91,js,8f6abf5a,Mena Song-Lew,2025-05-03,11:16:57,-07:00,2025-05-03T11:16:57-07:00,0,94
projects\projects.js,92,js,8f6abf5a,Mena Song-Lew,2025-05-03,11:16:57,-07:00,2025-05-03T11:16:57-07:00,0,100
projects\projects.js,93,js,8f6abf5a,Mena Song-Lew,2025-05-03,11:16:57,-07:00,2025-05-03T11:16:57-07:00,0,2
projects\projects.js,94,js,41f4d5a4,Mena Song-Lew,2025-05-03,12:24:15,-07:00,2025-05-03T12:24:15-07:00,0,0
projects\projects.js,95,js,41f4d5a4,Mena Song-Lew,2025-05-03,12:24:15,-07:00,2025-05-03T12:24:15-07:00,0,0
projects\projects.js,96,js,8f6abf5a,Mena Song-Lew,2025-05-03,11:16:57,-07:00,2025-05-03T11:16:57-07:00,0,0
projects\projects.js,97,js,8f6abf5a,Mena Song-Lew,2025-05-03,11:16:57,-07:00,2025-05-03T11:16:57-07:00,0,0
projects\projects.js,98,js,8f6abf5a,Mena Song-Lew,2025-05-03,11:16:57,-07:00,2025-05-03T11:16:57-07:00,0,33
projects\projects.js,99,js,8f6abf5a,Mena Song-Lew,2025-05-03,11:16:57,-07:00,2025-05-03T11:16:57-07:00,0,24
projects\projects.js,100,js,8f6abf5a,Mena Song-Lew,2025-05-03,11:16:57,-07:00,2025-05-03T11:16:57-07:00,0,0
projects\projects.js,101,js,8f6abf5a,Mena Song-Lew,2025-05-03,11:16:57,-07:00,2025-05-03T11:16:57-07:00,0,14
projects\projects.js,102,js,8f6abf5a,Mena Song-Lew,2025-05-03,11:16:57,-07:00,2025-05-03T11:16:57-07:00,0,14
projects\projects.js,103,js,8f6abf5a,Mena Song-Lew,2025-05-03,11:16:57,-07:00,2025-05-03T11:16:57-07:00,0,0
projects\projects.js,104,js,8f6abf5a,Mena Song-Lew,2025-05-03,11:16:57,-07:00,2025-05-03T11:16:57-07:00,0,54
projects\projects.js,105,js,8f6abf5a,Mena Song-Lew,2025-05-03,11:16:57,-07:00,2025-05-03T11:16:57-07:00,0,0
projects\projects.js,106,js,8f6abf5a,Mena Song-Lew,2025-05-03,11:16:57,-07:00,2025-05-03T11:16:57-07:00,0,49
projects\projects.js,107,js,8f6abf5a,Mena Song-Lew,2025-05-03,11:16:57,-07:00,2025-05-03T11:16:57-07:00,0,26
projects\projects.js,108,js,8f6abf5a,Mena Song-Lew,2025-05-03,11:16:57,-07:00,2025-05-03T11:16:57-07:00,0,52
projects\projects.js,109,js,8f6abf5a,Mena Song-Lew,2025-05-03,11:16:57,-07:00,2025-05-03T11:16:57-07:00,0,60
projects\projects.js,110,js,8f6abf5a,Mena Song-Lew,2025-05-03,11:16:57,-07:00,2025-05-03T11:16:57-07:00,0,43
projects\projects.js,111,js,8f6abf5a,Mena Song-Lew,2025-05-03,11:16:57,-07:00,2025-05-03T11:16:57-07:00,0,2
projects\projects.js,112,js,41f4d5a4,Mena Song-Lew,2025-05-03,12:24:15,-07:00,2025-05-03T12:24:15-07:00,0,0
projects\projects.js,113,js,41f4d5a4,Mena Song-Lew,2025-05-03,12:24:15,-07:00,2025-05-03T12:24:15-07:00,0,28
projects\projects.js,114,js,8f6abf5a,Mena Song-Lew,2025-05-03,11:16:57,-07:00,2025-05-03T11:16:57-07:00,0,53
projects\projects.js,115,js,8f6abf5a,Mena Song-Lew,2025-05-03,11:16:57,-07:00,2025-05-03T11:16:57-07:00,0,57
projects\projects.js,116,js,8f6abf5a,Mena Song-Lew,2025-05-03,11:16:57,-07:00,2025-05-03T11:16:57-07:00,0,32
projects\projects.js,117,js,41f4d5a4,Mena Song-Lew,2025-05-03,12:24:15,-07:00,2025-05-03T12:24:15-07:00,0,2
projects\index.html,1,html,10df9d83,Mena Song-Lew,2025-04-04,13:16:36,-07:00,2025-04-04T13:16:36-07:00,0,14
projects\index.html,2,html,10df9d83,Mena Song-Lew,2025-04-04,13:16:36,-07:00,2025-04-04T13:16:36-07:00,0,15
projects\index.html,3,html,10df9d83,Mena Song-Lew,2025-04-04,13:16:36,-07:00,2025-04-04T13:16:36-07:00,0,5
projects\index.html,4,html,10df9d83,Mena Song-Lew,2025-04-04,13:16:36,-07:00,2025-04-04T13:16:36-07:00,0,21
projects\index.html,5,html,10df9d83,Mena Song-Lew,2025-04-04,13:16:36,-07:00,2025-04-04T13:16:36-07:00,0,69
projects\index.html,6,html,10df9d83,Mena Song-Lew,2025-04-04,13:16:36,-07:00,2025-04-04T13:16:36-07:00,0,22
projects\index.html,7,html,4cc131b3,Mena Song-Lew,2025-04-11,21:07:04,-07:00,2025-04-11T21:07:04-07:00,0,45
projects\index.html,8,html,d10f5019,Mena Song-Lew,2025-04-18,20:45:59,-07:00,2025-04-18T20:45:59-07:00,0,49
projects\index.html,9,html,10df9d83,Mena Song-Lew,2025-04-04,13:16:36,-07:00,2025-04-04T13:16:36-07:00,0,6
projects\index.html,10,html,10df9d83,Mena Song-Lew,2025-04-04,13:16:36,-07:00,2025-04-04T13:16:36-07:00,0,5
projects\index.html,11,html,8f6abf5a,Mena Song-Lew,2025-05-03,11:16:57,-07:00,2025-05-03T11:16:57-07:00,0,0
projects\index.html,12,html,8f6abf5a,Mena Song-Lew,2025-05-03,11:16:57,-07:00,2025-05-03T11:16:57-07:00,0,39
projects\index.html,13,html,8f6abf5a,Mena Song-Lew,2025-05-03,11:16:57,-07:00,2025-05-03T11:16:57-07:00,0,0
projects\index.html,14,html,8f6abf5a,Mena Song-Lew,2025-05-03,11:16:57,-07:00,2025-05-03T11:16:57-07:00,0,22
projects\index.html,15,html,8f6abf5a,Mena Song-Lew,2025-05-03,11:16:57,-07:00,2025-05-03T11:16:57-07:00,0,55
projects\index.html,16,html,8f6abf5a,Mena Song-Lew,2025-05-03,11:16:57,-07:00,2025-05-03T11:16:57-07:00,0,23
projects\index.html,17,html,8f6abf5a,Mena Song-Lew,2025-05-03,11:16:57,-07:00,2025-05-03T11:16:57-07:00,0,5
projects\index.html,18,html,8f6abf5a,Mena Song-Lew,2025-05-03,11:16:57,-07:00,2025-05-03T11:16:57-07:00,0,0
projects\index.html,19,html,8f6abf5a,Mena Song-Lew,2025-05-03,11:16:57,-07:00,2025-05-03T11:16:57-07:00,0,5
projects\index.html,20,html,8f6abf5a,Mena Song-Lew,2025-05-03,11:16:57,-07:00,2025-05-03T11:16:57-07:00,0,16
projects\index.html,21,html,8f6abf5a,Mena Song-Lew,2025-05-03,11:16:57,-07:00,2025-05-03T11:16:57-07:00,0,12
projects\index.html,22,html,8f6abf5a,Mena Song-Lew,2025-05-03,11:16:57,-07:00,2025-05-03T11:16:57-07:00,0,27
projects\index.html,23,html,8f6abf5a,Mena Song-Lew,2025-05-03,11:16:57,-07:00,2025-05-03T11:16:57-07:00,0,32
projects\index.html,24,html,8f6abf5a,Mena Song-Lew,2025-05-03,11:16:57,-07:00,2025-05-03T11:16:57-07:00,0,1
projects\index.html,25,html,8f6abf5a,Mena Song-Lew,2025-05-03,11:16:57,-07:00,2025-05-03T11:16:57-07:00,0,0
projects\index.html,26,html,8f6abf5a,Mena Song-Lew,2025-05-03,11:16:57,-07:00,2025-05-03T11:16:57-07:00,0,21
projects\index.html,27,html,9b062acc,Mena Song-Lew,2025-04-25,20:32:05,-07:00,2025-04-25T20:32:05-07:00,0,49
projects\index.html,28,html,9b062acc,Mena Song-Lew,2025-04-25,20:32:05,-07:00,2025-04-25T20:32:05-07:00,0,48
projects\index.html,29,html,4cc131b3,Mena Song-Lew,2025-04-11,21:07:04,-07:00,2025-04-11T21:07:04-07:00,0,5
projects\index.html,30,html,4cc131b3,Mena Song-Lew,2025-04-11,21:07:04,-07:00,2025-04-11T21:07:04-07:00,0,0
projects\index.html,31,html,10df9d83,Mena Song-Lew,2025-04-04,13:16:36,-07:00,2025-04-04T13:16:36-07:00,0,6
projects\index.html,32,html,10df9d83,Mena Song-Lew,2025-04-04,13:16:36,-07:00,2025-04-04T13:16:36-07:00,0,6
contact\index.html,1,html,10df9d83,Mena Song-Lew,2025-04-04,13:16:36,-07:00,2025-04-04T13:16:36-07:00,0,14
contact\index.html,2,html,10df9d83,Mena Song-Lew,2025-04-04,13:16:36,-07:00,2025-04-04T13:16:36-07:00,0,15
contact\index.html,3,html,10df9d83,Mena Song-Lew,2025-04-04,13:16:36,-07:00,2025-04-04T13:16:36-07:00,0,5
contact\index.html,4,html,10df9d83,Mena Song-Lew,2025-04-04,13:16:36,-07:00,2025-04-04T13:16:36-07:00,0,21
contact\index.html,5,html,10df9d83,Mena Song-Lew,2025-04-04,13:16:36,-07:00,2025-04-04T13:16:36-07:00,0,69
contact\index.html,6,html,10df9d83,Mena Song-Lew,2025-04-04,13:16:36,-07:00,2025-04-04T13:16:36-07:00,0,21
contact\index.html,7,html,4cc131b3,Mena Song-Lew,2025-04-11,21:07:04,-07:00,2025-04-11T21:07:04-07:00,0,45
contact\index.html,8,html,d10f5019,Mena Song-Lew,2025-04-18,20:45:59,-07:00,2025-04-18T20:45:59-07:00,0,49
contact\index.html,9,html,10df9d83,Mena Song-Lew,2025-04-04,13:16:36,-07:00,2025-04-04T13:16:36-07:00,0,6
contact\index.html,10,html,10df9d83,Mena Song-Lew,2025-04-04,13:16:36,-07:00,2025-04-04T13:16:36-07:00,0,5
contact\index.html,11,html,10df9d83,Mena Song-Lew,2025-04-04,13:16:36,-07:00,2025-04-04T13:16:36-07:00,0,0
contact\index.html,12,html,4cc131b3,Mena Song-Lew,2025-04-11,21:07:04,-07:00,2025-04-11T21:07:04-07:00,0,15
contact\index.html,13,html,4cc131b3,Mena Song-Lew,2025-04-11,21:07:04,-07:00,2025-04-11T21:07:04-07:00,0,0
contact\index.html,14,html,fc1a482b,Mena Song-Lew,2025-04-04,14:20:40,-07:00,2025-04-04T14:20:40-07:00,0,77
contact\index.html,15,html,fc1a482b,Mena Song-Lew,2025-04-04,14:20:40,-07:00,2025-04-04T14:20:40-07:00,0,33
contact\index.html,16,html,fc1a482b,Mena Song-Lew,2025-04-04,14:20:40,-07:00,2025-04-04T14:20:40-07:00,0,35
contact\index.html,17,html,fc1a482b,Mena Song-Lew,2025-04-04,14:20:40,-07:00,2025-04-04T14:20:40-07:00,0,37
contact\index.html,18,html,fc1a482b,Mena Song-Lew,2025-04-04,14:20:40,-07:00,2025-04-04T14:20:40-07:00,0,23
contact\index.html,19,html,fc1a482b,Mena Song-Lew,2025-04-04,14:20:40,-07:00,2025-04-04T14:20:40-07:00,0,31
contact\index.html,20,html,fc1a482b,Mena Song-Lew,2025-04-04,14:20:40,-07:00,2025-04-04T14:20:40-07:00,0,32
contact\index.html,21,html,fc1a482b,Mena Song-Lew,2025-04-04,14:20:40,-07:00,2025-04-04T14:20:40-07:00,0,22
contact\index.html,22,html,fc1a482b,Mena Song-Lew,2025-04-04,14:20:40,-07:00,2025-04-04T14:20:40-07:00,0,0
contact\index.html,23,html,fc1a482b,Mena Song-Lew,2025-04-04,14:20:40,-07:00,2025-04-04T14:20:40-07:00,0,6
contact\index.html,24,html,fc1a482b,Mena Song-Lew,2025-04-04,14:20:40,-07:00,2025-04-04T14:20:40-07:00,0,0
contact\index.html,25,html,10df9d83,Mena Song-Lew,2025-04-04,13:16:36,-07:00,2025-04-04T13:16:36-07:00,0,6
contact\index.html,26,html,10df9d83,Mena Song-Lew,2025-04-04,13:16:36,-07:00,2025-04-04T13:16:36-07:00,0,6
